id,first_name,last_name,email,title,cellphone
2f3e127f-01a3-4476-bdc8-3e5dd41befb3,Darill,Leeder,dleeder0@flickr.com,honorable,366 414 0540
111f486c-e764-41e0-a7c8-44c36425d64e,Bengt,Keeton,bkeeton1@webmd.com,Mrs,322 889 5064
ea362c93-968f-456f-b71c-6943e1706753,Kathryne,Mutimer,kmutimer2@elegantthemes.com,Honorable,492 426 4401
028fdd82-addc-4873-bf4f-47e59bf45ba6,Talia,Waterhous,twaterhous3@plala.or.jp,Mr,810 874 6971
d06459d6-5a3d-4fc0-a1ec-2e8eb4056d54,Car,Fillis,cfillis4@symantec.com,Rev,707 976 4192
a38f23e8-e1fa-40fc-ad4a-d0ba9ec7e49e,aiya,Slark,aslark5@booking.com,Mr,740 842 3573
3db98979-4470-411b-8b89-71a55f9a16d7,Dwain,Willarton,dwillarton6@ucsd.edu,Mrs,634 678 0838
657c852a-e023-4add-8a67-35bf3d0c5de8,Lemmy,MacAndie,lmacandie7@behance.net,Ms,779 897 2760
81a17c4d-644a-4d20-ab51-e3a71eb035eb,Lola,Luciani,lluciani8@cnet.com,Ms,309 5542507
3b7cf077-4fb0-473e-92cf-3d30cf9c2335,Ninon,Konzel,nkonzel9@ocn.ne.jp,Honorable,119 528 1377
385be71d-cec5-4da8-8403-6ed63f761763,Sigfried,Sapauton,ssapautona@phoca.cz,Mrs,778 365 4961
4108b2eb-bd2c-4fb6-85ae-4f0fb010e889,Moe,Sadlier,msadlierb@hao123.com,Mr,166 876 3117
a7465963-b6ca-4762-ace5-4a97ca10cf64,Rolando,Harnes,rharnesc@flavors.me,Rev,892 496 1374
42a9019c-5468-4b49-88e8-7f44ee25d48b,Arleta,Hursthouse,ahursthoused@cnbc.com,Mr,574 132 2656
2b30f564-6623-415c-b445-b37e3fc6a35a,Sonnnie,Abrahams,sabrahamse@paginegialle.it,Mrs,895 282 0077
9ca621f6-401e-4756-b1fb-fa60a1322b11,Berky,Berks,bberksf@slashdot.org,Mrs,360 768 3177
11f0b4ad-86b5-46d9-aa4e-34550c2b5669,Kally,Ricoald,kricoaldg@blogger.com,Mrs,915 902 8871
1c086bce-25e2-4829-8245-f3c2bff3d8bb,Mahmmud,Killingback,mkillingbackh@opensource.org,Mrs,921 462 3888
813c929f-eaa8-4595-9da1-1b8f0420a58b,Reiko,Jagielski,rjagielskii@marketwatch.com,Honorable,305 186 3407
d21bbf9c-51cf-493e-881b-78332d7fedc1,Teddie,Febvre,tfebvrej@bbb.org,Rev,682 822 5308
edabae6e-beb3-46c1-a0f1-78eb57eeeeb4,Fancy,Lang,flangk@nytimes.com,Ms,926 697 2106
7cc4d29d-9fc6-4f39-b1ff-03068c169437,Jessika,Pilmore,jpilmorel@microsoft.com,Ms,570 226 6542
18e417b4-a21c-44d9-93cf-dc3cb2013430,Antonetta,Moring,amoringm@adobe.com,Ms,202 748 2432
89449745-53e1-4530-a800-d0fe518816f0,Anet,Anespie,aanespien@linkedin.com,Ms,402 978 0717
bc7c58af-d97b-4be0-842b-1b41b488296c,Silva,Heisler,sheislero@redcross.org,Rev,992 264 4869
5fac2297-b4e4-4b7a-bd8f-d1b23c6bfed3,Ulises,Styche,ustychep@netlog.com,Mr,785 727 0772
4c36c159-c8af-49e5-a8b2-182853aef8bb,Jenelle,Mora,jmoraq@omniture.com,Dr,207 331 8528
f4e8fa41-d35d-43e6-9792-b14772c8ce49,Arly,Sambrook,asambrookr@shutterfly.com,Mr,660 923 0563
eb94abac-7ef5-46f2-8907-8363ccd19a44,Joanie,Dossettor,jdossettors@tinyurl.com,Ms,375 514 5677
ec36372c-2018-4d4a-9f78-af2aaf6e8add,Brigid,Szymoni,bszymonit@sfgate.com,Mr,585 323 2468
ab7ff923-fd39-4df6-9d6c-27b802e7f58b,Tedra,Palmby,tpalmbyu@techcrunch.com,Rev,503 880 4117
f0ca448a-89f4-4b66-b112-e562c7004b07,Valentijn,Aughtie,vaughtiev@blog.com,Dr,667 325 0649
ea7429ca-c664-4d16-a747-b619871b5987,Effie,Dennington,edenningtonw@home.pl,Dr,545 947 5895
a3fdce79-c559-47d2-94df-55a2e8f4287c,Shoshana,O'Cridigan,socridiganx@springer.com,Mr,999 377 0286
d065a27a-3e81-4215-af79-d01519155b80,Jule,Mirrlees,jmirrleesy@hexun.com,Honorable,603 678 3496
10a41dee-e717-4885-b114-2cd9bc982a43,Tierney,Shellcross,tshellcrossz@paypal.com,Rev,103 336 4777
d37e9736-d6e0-4475-a34c-3cc1af3671d8,Mata,Betjes,mbetjes10@theglobeandmail.com,Honorable,432 374 4990
22d61d11-8707-4d04-a7ec-bd3d4533e494,Hulda,Kyme,hkyme11@epa.gov,Ms,899 806 1721
9c8c9d6c-05a2-420b-9f96-6b26811d9558,Kenn,McAlpine,kmcalpine12@smh.com.au,Rev,488 781 8304
edd0b24b-8477-4e69-940b-4926c9b8e379,Tasha,Whitty,twhitty13@mashable.com,Honorable,453 615 0563
81d8ebd8-04d1-46ce-b3d0-c2c4f0a2ed28,Amitie,Gunson,agunson14@vinaora.com,Honorable,752 486 9225
84298964-fcbd-4cf7-b0c7-2bc3cbf52226,Gregorius,Tocknell,gtocknell15@va.gov,Rev,590 536 5643
94facf02-51d0-421f-b962-01834b0fe0ad,Allison,Palfrie,apalfrie16@whitehouse.gov,Rev,336 370 3434
3c304058-2c4a-4b4c-9b99-3a38720a1225,Evin,Long,elong17@photobucket.com,Dr,294 451 7593
70e32a22-f6ff-4072-8fea-6836fc9ff5eb,Jenica,Spellar,jspellar18@artisteer.com,Dr,660 487 2321
8383a455-4e86-45e3-931e-cf1208a4bd79,Timotheus,Yatman,tyatman19@ow.ly,Honorable,102 957 4638
4c502fcb-2386-4077-8b39-7a8a933194db,Alidia,MacSwayde,amacswayde1a@miibeian.gov.cn,Ms,266 516 5323
d6f0cfc9-29bc-46b6-8b08-b28dbb4d9a3f,Alaric,Lorkings,alorkings1b@cafepress.com,Dr,356 413 1145
2968bf86-b1c9-456e-9fc1-89d05aa37a23,Benedicto,Rutledge,brutledge1c@salon.com,Mrs,836 715 9864
c9308e61-b6b6-4846-86c3-e3a2912a3c99,Rem,Beyn,rbeyn1d@businesswire.com,Ms,866 369 7669
b579ea5d-2a96-4b81-a958-4a829858a1e6,Geneva,Kem,gkem1e@google.com.au,Rev,939 871 6065
302b0b98-0b42-4502-bd96-36f5cb9bf861,Eveline,Lippi,elippi1f@newyorker.com,Mrs,732 524 0319
d7ab9220-33cd-43d9-9b93-2a334e94676d,Arron,Skeemer,askeemer1g@home.pl,Mr,913 309 2765
67d1482e-5eed-4541-b1c7-8564647e2336,Waldo,Housecraft,whousecraft1h@china.com.cn,Rev,729 228 7201
7d866cf3-0ef5-4a02-8379-a57eff741314,Ardys,Chavey,achavey1i@about.com,Mr,175 613 1049
346fb3b8-462e-44fd-8abf-40e39aaf39a3,Valene,Wickmann,vwickmann1j@webs.com,Rev,860 565 7129
29ff5434-5d9e-44d4-bb32-a4663c1090c5,Eada,Beswetherick,ebeswetherick1k@storify.com,Ms,153 867 4051
ef2db507-4609-45ee-b0aa-5e97f627dd6b,Ethe,Endrici,eendrici1l@photobucket.com,Rev,511 220 3269
bbd4fac1-621a-46b2-9bd9-b34019cf0383,Laurianne,McRinn,lmcrinn1m@meetup.com,Mr,545 673 7870
2087253d-9885-4d2b-bc63-1da0cacb54f5,Waylen,Miles,wmiles1n@sogou.com,Dr,986 249 4627
d51f8eeb-a387-47d7-a153-d590d053f25e,Linet,Kondratenko,lkondratenko1o@cornell.edu,Mr,627 583 9279
fef004a2-33c3-4d2b-b49b-9c58b5e2f003,Zorah,McMeeking,zmcmeeking1p@princeton.edu,Mr,840 348 2275
692a29bb-fe6c-4eaf-a02e-4532e3fe92ca,Marcille,Blitzer,mblitzer1q@list-manage.com,Dr,997 620 4898
30ba28ef-044f-461c-8efa-8f8edee72d38,Hazlett,Mickleburgh,hmickleburgh1r@cocolog-nifty.com,Mrs,475 218 4258
dc5b5fac-926e-4c85-a038-e3e905776853,Jamima,Matterson,jmatterson1s@netvibes.com,Ms,900 725 4635
1c280c07-d4d1-4a61-8f41-0cab3f20b608,Winifred,Bloodworthe,wbloodworthe1t@auda.org.au,Mrs,301 603 2453
b23ec2bc-695a-4aa5-92f0-e06313dfc269,Aleda,Fraser,afraser1u@examiner.com,Mr,835 986 2062
1167842f-e620-41e5-af73-b595264546c4,Karylin,Crolly,kcrolly1v@pen.io,Rev,430 797 5228
ba7aac0d-bcc9-4639-a0bd-b0f18e9e422a,Anthiathia,Tewkesbury,atewkesbury1w@ameblo.jp,Ms,646 103 0874
edab29a3-a1c8-4c43-b88e-65cbd08c6498,Stafani,Aizikowitz,saizikowitz1x@pbs.org,Mrs,287 364 3618
5ae50e91-fd5f-4d7e-ae81-8519e4289894,Tulley,Sargeaunt,tsargeaunt1y@shop-pro.jp,Honorable,129 495 8974
8e1adf16-8b73-44f2-8cb8-0e81f85d81d9,Douglass,Jacquest,djacquest1z@furl.net,Dr,949 637 8391
7595c577-d75d-4a0d-9f28-562321c8a4f2,Hollis,Antunes,hantunes20@domainmarket.com,Rev,754 590 1508
6e2dea2d-137a-45ee-ab0a-f67edf6f2f1f,Nananne,Beaty,nbeaty21@tinyurl.com,Honorable,352 199 2560
8ab7fc53-e4ad-4eda-beda-d7b4fb3882a6,Amerigo,Fiske,afiske22@edublogs.org,Dr,198 443 5803
73af6d3a-0ff3-4e9b-b86a-cc01c5c83f77,Shanna,Tear,stear23@upenn.edu,Rev,569 324 2253
14a7a140-c008-4e8d-b750-1356d520bc62,Mollee,Adelman,madelman24@ning.com,Mrs,135 253 6630
e5bdc77e-456a-4324-bb86-c0e4c33e5eb9,Raffaello,Sitlington,rsitlington25@google.co.jp,Mrs,935 418 5986
e2d35690-e8b2-4ecc-ba74-ad35fe74f87d,Ursula,Gomersall,ugomersall26@clickbank.net,Mr,261 640 7771
73d903cc-7fa8-4c73-bb96-4b2bd7a80277,Sergio,Labitt,slabitt27@who.int,Rev,833 790 6821
c9d45f0d-a708-4fa0-98b9-33ceb4b692d2,Loraine,Anersen,lanersen28@bandcamp.com,Mr,648 855 4916
536e76f6-e4e1-4fe7-a631-aebee37777f7,Lottie,Viger,lviger29@tinypic.com,Mr,497 987 8814
919e09fe-3cda-4944-847c-1bf05b23bebb,Stacie,Joddins,sjoddins2a@paginegialle.it,Ms,656 548 8977
93df5e7d-101a-431f-bbac-bf8a4d7292f3,Darlene,Ghost,dghost2b@ft.com,Ms,539 308 1683
d75be3b7-b897-4d95-a37a-3d87d7c9119d,Katuscha,Tromans,ktromans2c@360.cn,Mrs,485 211 5967
18f637b8-ada0-4881-b091-62071d2346ea,Marylee,Oldham,moldham2d@google.co.uk,Honorable,904 752 3597
cdb79b57-4328-4047-b303-a0ec39c9d4ac,Brande,Bolt,bbolt2e@wix.com,Mrs,366 672 1478
dac0bad6-833a-43a7-8df9-d99b20fa7488,Kara,Dunridge,kdunridge2f@mayoclinic.com,Rev,757 682 9385
a8f07978-a91c-4108-ba04-d1bb56957aea,Tish,Kondratovich,tkondratovich2g@accuweather.com,Honorable,654 582 2261
b71cc625-ad9d-4e4c-ba84-d53cfb344a47,Terrance,Widmoor,twidmoor2h@msn.com,Mrs,746 322 0536
833c447f-dbd8-426d-9434-8ea26ede9c40,Jen,Cridlin,jcridlin2i@scientificamerican.com,Honorable,235 396 3648
5332015d-57d5-4e6c-a74d-a86b2e90b814,Adorne,Sizeland,asizeland2j@skype.com,Dr,571 539 0812
9986b5e1-b464-4c74-8f3b-287155939437,Tye,Jesper,tjesper2k@unicef.org,Mr,795 892 1586
8c463c5d-cd98-4f17-9f46-be9fccfddbdf,Keefe,Gumn,kgumn2l@rambler.ru,Mrs,173 674 7999
6f51fcd1-04c5-4e4c-bf31-1bb7d5b03b78,Carlina,Letts,cletts2m@sogou.com,Rev,811 447 5452
025c5986-739f-47dd-9141-bec4d28b61c8,Clem,Guyonneau,cguyonneau2n@theguardian.com,Ms,366 201 6083
0b7bf632-5519-48ad-b614-d8696d071fc2,Luise,Grebert,lgrebert2o@livejournal.com,Ms,411 638 7283
363e6844-80c5-4276-a72f-0e8b77646048,Brittany,Angel,bangel2p@economist.com,Ms,320 906 1954
e20b590f-7c4c-4035-b8c1-07a6ace75386,Shurwood,Sweatman,ssweatman2q@friendfeed.com,Dr,790 720 0424
5f98c4c1-08d6-4bd1-9ee0-bb3fe4f3cbbe,Sioux,Spire,sspire2r@ameblo.jp,Ms,716 772 4803
f7286433-eb38-4076-b135-5449de98c5f5,Josefa,Frandsen,jfrandsen2s@oracle.com,Rev,517 218 0215
ccc9758e-2950-408e-911a-b4aadbdb8ff2,Helaina,Abrahams,habrahams2t@smh.com.au,Mr,713 712 1575
e306f9d4-326e-4e31-8521-c484edc56779,Cris,Camm,ccamm2u@shutterfly.com,Ms,971 621 9273
088df5ba-d16a-42fc-8f77-89c79ff122ec,Ulick,Tann,utann2v@google.co.uk,Honorable,907 839 2909
54901c06-6d1c-48bf-a4ae-d8cf7285299d,Dory,Pietersma,dpietersma2w@ifeng.com,Honorable,941 586 7340
3958bc2c-c382-49d5-8e2e-bd7e931261b7,Winnifred,Mayhow,wmayhow2x@theglobeandmail.com,Dr,864 698 5903
e46b76c2-035c-475e-a2bb-cf8dbfcb6e4a,Joice,McLae,jmclae2y@people.com.cn,Mr,499 552 0550
88da8100-be4c-4d67-80fc-2b6bc9faff76,Phil,Scandrett,pscandrett2z@seattletimes.com,Ms,145 980 9631
5ea01790-2a03-44a0-ba6d-1eab4b067537,Bobby,Bell,bbell30@kickstarter.com,Dr,965 657 5881
84a0e782-516f-4185-87ae-dbae3b1cc142,Sheri,Saxelby,ssaxelby31@toplist.cz,Rev,566 271 2280
e0f8d4a2-c4e0-44c2-b203-57d28c18f75c,Nessa,Dallow,ndallow32@so-net.ne.jp,Dr,373 380 6146
a17b3d62-f538-4685-9aa7-50c5a46c3e84,Corinne,Bracher,cbracher33@youtube.com,Rev,818 184 7252
f1aa6e68-06a5-4f64-8a4d-466a10c859a3,Adolph,Setch,asetch34@cnn.com,Rev,243 978 4692
0498941e-bd89-4cbf-842d-963e0ed822c7,Brade,Louisot,blouisot35@issuu.com,Dr,447 399 6786
90de5f17-7e09-4896-bda7-15fc9b60a90d,Raye,Ragborne,rragborne36@dmoz.org,Dr,579 345 0738
fac9d61c-bbcb-42e8-abc1-6e15693e2b22,Lottie,Pudge,lpudge37@ocn.ne.jp,Ms,429 267 8369
a968437e-f2db-44cc-bd4f-dde0f6a78b03,Henrieta,Hudless,hhudless38@sogou.com,Ms,277 119 6128
ed31536f-c6b2-4b6e-b814-c8ed91c66168,Sandy,Huggon,shuggon39@feedburner.com,Dr,851 491 8005
2874933b-d49c-4e4c-9813-d025e7840e16,Ange,Leslie,aleslie3a@exblog.jp,Mrs,685 451 2891
c9d61337-8dff-4b9f-a4c8-ae96b9242cf4,Delphine,Basil,dbasil3b@businessinsider.com,Ms,217 594 1012
d2163a73-c15c-4e4a-a0ca-36a21a309ab8,Sonnie,Foat,sfoat3c@webmd.com,Rev,476 893 1524
39ada2e1-a17e-4505-8a1f-2b31abf29fd8,Amelie,Matfin,amatfin3d@netscape.com,Mr,946 100 5702
3cad770b-c51d-45a5-9e5e-574800e1b46f,Alfy,Crowhurst,acrowhurst3e@angelfire.com,Dr,810 996 8912
f8555a41-5442-4cec-961e-4a99331379f5,Gerri,Gahagan,ggahagan3f@tiny.cc,Rev,174 363 0188
eea32dfc-92dd-4cdc-ad7f-694604d859a1,Dorotea,Freeland,dfreeland3g@purevolume.com,Mr,545 435 5664
3ccb6b0a-f353-4e7c-8766-5df45dbf243d,Darda,Freschini,dfreschini3h@flickr.com,Dr,146 326 8510
6a36a37b-170c-4d7c-a9c2-a895cb0eba81,Marsha,L'Episcopio,mlepiscopio3i@bloglines.com,Mr,904 823 1776
c0bc46c0-71ad-43d1-97f3-b7fa9da726a7,Levin,MacBarron,lmacbarron3j@dyndns.org,Mr,399 599 7801
a51b9417-88a5-4518-80f7-bb5c42b85c55,Sharai,O'Drought,sodrought3k@jimdo.com,Ms,524 431 8106
8acba8fc-e6e1-4cb8-9631-a08d39e22d01,Dyana,Dulson,ddulson3l@diigo.com,Dr,528 290 2546
598d92d6-e405-47d9-96f6-4ee619b507d8,Donelle,Chatelain,dchatelain3m@bravesites.com,Rev,404 852 2450
1504281e-ad85-44fd-acca-0dcdb5579a7b,Phylis,Frankling,pfrankling3n@miitbeian.gov.cn,Rev,766 697 1728
674d8bc1-63bf-4c2d-af93-d70e720a6af6,Thomasin,Vacher,tvacher3o@studiopress.com,Rev,628 913 9938
8656316d-5054-4641-8c55-0e11dd04a325,Corene,Charette,ccharette3p@time.com,Mr,277 695 4932
586d962a-508e-4990-a52b-ad3b48dbcde7,Marcella,Nanson,mnanson3q@spiegel.de,Mr,396 553 6840
81e75509-a6bd-4c5e-ad86-3bb79bce3ecd,Rose,McSpirron,rmcspirron3r@github.com,Honorable,386 104 6796
34c20863-6709-4c6e-83b6-0d6a2b6ec053,Bryon,Skipperbottom,bskipperbottom3s@rediff.com,Honorable,667 501 4823
94315781-a6da-431b-8ffa-5e614fc59fcb,Georgena,McGreary,gmcgreary3t@163.com,Rev,690 411 7935
ecd28630-a1ef-4f57-ac58-7cef85e64813,Lotte,Leftwich,lleftwich3u@nydailynews.com,Mrs,848 269 0856
ac85884b-fc1a-4871-808f-6a91ab8e47eb,Berget,Lovekin,blovekin3v@jimdo.com,Honorable,639 450 5486
4788a5bd-b4a3-4ede-b408-ab23e25126b6,Minerva,Brigge,mbrigge3w@omniture.com,Ms,193 892 7502
6d38465d-047d-4414-ae34-327acab794a0,Kimbra,Draxford,kdraxford3x@google.com,Mrs,490 965 6514
af70885f-6ed8-4f9a-9898-4c0453ec3b8c,Lauretta,Saunt,lsaunt3y@usnews.com,Mrs,218 459 0590
da4aa5d2-1044-4c25-866c-29855db02819,Corey,Duer,cduer3z@aboutads.info,Mrs,531 983 7024
12d94a8d-4394-4c1b-84b8-9c7d26399b45,Regen,Robinet,rrobinet40@i2i.jp,Rev,636 431 8603
e5f32407-d604-4e78-97fd-41c968e25105,Priscella,Tomowicz,ptomowicz41@weather.com,Honorable,260 159 2002
4ad22b3e-70b8-4bc1-a126-d0af74a60e6a,Agosto,Grant,agrant42@icio.us,Ms,115 807 8660
be424768-04b3-45be-a008-75d9876ce646,Elena,Caven,ecaven43@salon.com,Rev,718 686 5019
3e260b0d-830a-4d1e-8c9b-7e88c1891f4b,Virgil,Kristoffersen,vkristoffersen44@meetup.com,Ms,471 960 1961
b22bb933-7d1f-4224-a9f2-4b4b14519070,Cammie,Wollacott,cwollacott45@ebay.com,Mr,738 692 6075
b7166e68-b173-4b57-8d5f-11e1f06e7007,Fionnula,Binny,fbinny46@eepurl.com,Mrs,330 928 8346
69daacd5-ed35-405b-b195-790f28a37bf3,Nolie,Aucoate,naucoate47@nationalgeographic.com,Dr,292 400 7068
31c14c6c-6fb9-4f76-a28e-528150e29cb8,Talbot,Brewood,tbrewood48@oakley.com,Ms,424 536 8032
99e215d5-64d8-4a78-9f47-0c36963cc552,Barnett,Pell,bpell49@weather.com,Mr,701 471 2271
944f441b-a174-4182-8432-d54d01f75aa9,Gayla,Allchorne,gallchorne4a@vistaprint.com,Ms,902 982 5117
236c4c1e-4250-4ff7-b2f7-a0cba0363c81,Lory,McBrearty,lmcbrearty4b@pinterest.com,Honorable,422 727 2766
d6c5f43c-8059-4e01-b7cc-0e9f4bb9ca18,Bethanne,Ghent,bghent4c@kickstarter.com,Honorable,622 547 2343
e2984ee9-3bb3-43f9-b0c5-60c28168e9a4,Johannah,Trodler,jtrodler4d@ihg.com,Mrs,457 396 8748
3ab83c6f-c1a3-4b29-bb15-76b22dbd4adb,Corabel,Fidgeon,cfidgeon4e@rambler.ru,Honorable,989 892 6354
a08c3a50-36ea-4062-90b5-d9da1bc7504b,Veronika,Ceccoli,vceccoli4f@t.co,Mr,570 726 9822
ad5df0b8-3834-48f3-8331-4af728ed56dc,Elisabeth,Lissandrini,elissandrini4g@ning.com,Ms,547 487 8630
72772ffa-e713-422f-b97d-5b9fbeb01a22,Silvia,Clapperton,sclapperton4h@merriam-webster.com,Mrs,782 198 4407
eea8e26f-1f46-473e-82fb-232b382edfd5,Lem,Murrum,lmurrum4i@parallels.com,Ms,671 219 3540
9cae3977-a4ac-4dad-b145-bab9dd7d3cd5,Karina,Goldthorp,kgoldthorp4j@chicagotribune.com,Dr,690 853 0288
e21e4c53-1138-4571-985e-7a30249c83be,Isis,Robjents,irobjents4k@addtoany.com,Rev,741 169 0581
78c00c1a-48d7-4dee-b83a-ebea83796fe7,Ragnar,Shotbolt,rshotbolt4l@joomla.org,Mrs,963 862 6367
adc114fb-5ae5-4b92-95d6-d69bf13907ba,Crichton,Worthington,cworthington4m@intel.com,Mr,949 242 0176
4e136be0-4154-4ae9-b0ab-b91c4771ea62,Ellie,Auten,eauten4n@aboutads.info,Honorable,669 142 3006
a4089f1c-a26f-45dc-b839-14571c04d1dc,Ab,Radborne,aradborne4o@imageshack.us,Mrs,371 898 2534
4391b274-2974-4668-9046-956bc1db361f,Benedicto,Dewick,bdewick4p@rakuten.co.jp,Ms,142 242 8082
8ab991d2-1bf0-45c7-a133-d1175fceebc1,Joleen,Jozwiak,jjozwiak4q@cam.ac.uk,Honorable,692 500 3691
1dea881e-45c8-46e6-aeaa-613f79986b83,Donny,Pybworth,dpybworth4r@virginia.edu,Mrs,895 102 8525
5f8880ee-76d6-420e-b85d-899004405251,Faun,Rouch,frouch4s@guardian.co.uk,Dr,895 589 4487
1f04e642-0ce7-4380-9273-396baf15858e,Jeanelle,McCreery,jmccreery4t@about.com,Honorable,327 752 5128
07356e66-6da5-4068-b339-2e5d3045acd5,Frederica,Darnbrough,fdarnbrough4u@indiegogo.com,Honorable,646 228 5503
d7ae2aa3-944a-4ab4-b1fb-c47586d6d9b3,Buffy,Morshead,bmorshead4v@ocn.ne.jp,Dr,210 248 0790
356348e5-7f87-41c9-9842-b9abdaf8c26b,Edd,Duckworth,educkworth4w@nymag.com,Ms,940 293 2575
f6064fb7-72c8-48df-b72b-e6a7a2b846c3,Jamie,Lightowlers,jlightowlers4x@netlog.com,Dr,501 132 9076
27fcf50d-2b3b-42ae-b4e8-0197c919e217,Rudolph,Elsmere,relsmere4y@newsvine.com,Dr,487 363 9057
62f1fa5e-3f3c-4c42-bd1f-d57923a9d4ac,Towney,Dessant,tdessant4z@mashable.com,Mr,399 903 9342
d2e6a452-0e39-4781-8e7e-de3c517b67ab,Taddeusz,Muncer,tmuncer50@sitemeter.com,Honorable,335 367 0746
356dc70e-0ea5-45e7-8947-63587c712d19,Gayle,Rawls,grawls51@salon.com,Ms,952 406 7365
70189f91-a699-4836-8c59-b0e24b674aa9,Galven,Pods,gpods52@youku.com,Ms,589 887 3565
ffe27fdd-d7e7-4857-a587-9da55e1dc786,Micah,Dundendale,mdundendale53@ftc.gov,Dr,293 254 9808
f4ec84d9-913c-4107-8aa6-d2d5fc3cb297,Shalne,Piquard,spiquard54@imageshack.us,Mrs,985 855 5365
5bab2569-b1eb-4a78-8e5c-434c937259e9,Marie,Bogey,mbogey55@squidoo.com,Honorable,268 930 9257
11d72253-4b8e-4034-b8f0-c550d3118089,Gray,Askwith,gaskwith56@comsenz.com,Mrs,602 653 0588
671467b7-0730-40aa-8d16-e494083d9f87,Lolita,Colvin,lcolvin57@tripadvisor.com,Dr,918 557 7312
5a7ab9b2-6fb0-4e23-88cf-b72d986bf0d1,Pearline,Ida,pida58@spotify.com,Mr,222 409 3345
2de9ba82-169d-43eb-b7c3-c704ea05901b,Christal,Barclay,cbarclay59@yale.edu,Mrs,236 103 5063
6362031b-1029-4e86-8aa0-3be7ed9ee004,Rozina,Sleeman,rsleeman5a@wikia.com,Honorable,707 533 6811
079988f9-1b41-43f7-a09b-78f16426b7ab,Georgeta,Cuttler,gcuttler5b@yellowbook.com,Dr,139 969 0278
aba3e8d6-ae4c-47be-b25a-4a38e25f9d38,Dyane,Abden,dabden5c@quantcast.com,Honorable,551 485 9300
d3510b33-0b51-4ac4-a44b-d918d414e08f,Carma,Duggon,cduggon5d@pagesperso-orange.fr,Rev,288 127 1208
ce5647fe-87e8-4c72-b402-313603b6b841,Ahmad,McMoyer,amcmoyer5e@wiley.com,Honorable,558 214 1990
7ab83695-9bed-4f3e-9835-c662013e5134,Jarid,Patient,jpatient5f@fda.gov,Mr,733 851 7947
226a6cd4-3e8c-46c1-955d-e64e7854bf59,Bartlett,Collcott,bcollcott5g@google.ca,Ms,363 786 6505
f23dff77-9285-424e-ad56-a01816f5ca21,Carlynne,Service,cservice5h@youtu.be,Ms,551 917 1007
73d0ccea-368d-4d03-99da-80b05603abab,Yorgo,Verna,yverna5i@over-blog.com,Mr,268 840 8531
2ca83acf-4c2a-43e9-9e99-6147bd15b861,Karee,MacQuaker,kmacquaker5j@ucoz.com,Mr,274 265 3552
8962cad5-53fe-42b0-936f-4b2a1256c87a,Jourdain,Lennie,jlennie5k@bigcartel.com,Honorable,896 988 5591
c98baea1-63c4-4c63-b11c-d6bed79da01c,Bald,Lawlings,blawlings5l@theatlantic.com,Dr,672 193 2046
bec84389-5bc4-400b-b0f2-0581b57f6364,Lisha,Risborough,lrisborough5m@amazon.com,Mrs,506 596 3425
e5dd55e3-a327-407a-b514-8d4f033a05a1,Liv,MacConnulty,lmacconnulty5n@i2i.jp,Honorable,225 194 1869
7a684ec3-5e36-40f8-a83c-187c8900d7ec,Marie-jeanne,Jancar,mjancar5o@sciencedaily.com,Mr,430 103 3348
2c78c796-878b-4e02-a93f-188ad0d17709,Jessi,Tull,jtull5p@cdbaby.com,Mr,320 491 8714
03228077-afd3-4502-bdea-b480cc2fd177,Rhiamon,Moulding,rmoulding5q@wix.com,Ms,911 187 6888
86877cb7-ad94-4da8-9bc4-e696595ee845,Kessiah,Turbayne,kturbayne5r@goo.ne.jp,Honorable,428 180 4282
7e739c05-ddaf-4b64-bfda-fa641401fd09,Vassily,Stoffer,vstoffer5s@fastcompany.com,Dr,487 483 3065
ec85c49c-5fa4-452f-800c-c6a29a723995,Koren,Harvison,kharvison5t@github.com,Ms,769 231 9481
b8cf7de6-32e1-4b5d-b152-44b319f30b0d,Ingunna,Codman,icodman5u@tmall.com,Rev,150 503 9755
a79ad835-0617-4e6a-bbfa-6ba8506371a0,Roch,Longcake,rlongcake5v@dmoz.org,Mrs,459 900 7722
66ca36f4-45d1-4c2c-a0b5-583d101f1079,Vidovik,Haffner,vhaffner5w@shinystat.com,Dr,622 235 2392
6c579098-84be-43b7-9f4e-7b0be666eb82,Eddie,Dutnell,edutnell5x@vimeo.com,Dr,213 261 4800
29afe6c4-132c-41af-9b02-21dd7b687bf4,Borden,Rosewall,brosewall5y@reuters.com,Rev,132 745 5343
753e4746-daef-46a4-81a0-4c04fe224438,Beltran,Francesc,bfrancesc5z@mapy.cz,Dr,740 742 2766
012682fb-7352-4691-8552-6082be73c54f,Pietra,Meriton,pmeriton60@ed.gov,Dr,574 587 3174
07b95a95-beed-4ed2-8fea-19a743ce7cf9,Hyacinthia,Precious,hprecious61@ft.com,Rev,106 980 7231
84bf8813-e375-4d0b-b4e1-2630eb891493,Aili,Sutcliffe,asutcliffe62@yale.edu,Mr,613 383 6407
f2f0e78f-267d-44eb-b12d-f2a12f51ac1c,Marley,Ruddock,mruddock63@angelfire.com,Mrs,234 513 3695
73222dca-13f8-46d8-9ed5-326b8f232e0e,Norene,Beamish,nbeamish64@addthis.com,Ms,175 692 4646
7605f840-630c-4560-ac7d-a842690b4b54,Tedd,Tong,ttong65@google.nl,Mrs,168 901 6128
854dafef-1f10-4bcf-9d77-58903f894cff,Loretta,Robillard,lrobillard66@bloomberg.com,Rev,718 520 0330
20ae417c-4a09-4c3d-8f3b-3897d2bc6d4b,Morse,Boldecke,mboldecke67@sourceforge.net,Mr,896 271 2455
f12a801f-8ca7-46d2-b7cf-1698a274faa6,Cecily,Brannan,cbrannan68@spotify.com,Honorable,918 564 6068
891a19a1-70c0-4ba7-abfd-fe3c69f82d49,Gregg,Roskams,groskams69@google.cn,Rev,777 179 0476
12949c5a-a7e8-4a73-9986-e76757cf7234,Laurella,Tavinor,ltavinor6a@1und1.de,Mr,960 328 5609
e8771044-daa8-4a37-9029-9d135c490a48,Collen,Curl,ccurl6b@symantec.com,Honorable,104 600 3806
2287d628-a60a-4963-b19f-d4d2ba627d1d,Natalie,Bushby,nbushby6c@unblog.fr,Ms,741 212 3708
61bce3ab-be9f-4f3e-b3a8-3d3dde10cbc3,Nichol,Rozenbaum,nrozenbaum6d@amazon.co.jp,Dr,961 237 2523
eb6e00b2-3abd-4b06-97a2-0dd4b0d5c0a9,Alanah,Roobottom,aroobottom6e@google.nl,Honorable,837 505 9011
a271aa57-0b65-4676-827a-61402453ca89,Jasen,Mattia,jmattia6f@hao123.com,Honorable,522 893 5755
76d67cbb-879c-4d02-b620-5ed63098b023,Denni,Brahmer,dbrahmer6g@tmall.com,Mr,263 518 9388
78bb6742-f998-4b1e-8437-6aa80aa9a109,Nerta,Hamby,nhamby6h@parallels.com,Mr,299 310 7278
17137bfc-3f3b-47b7-a03f-36304b4be34e,Harlan,Lages,hlages6i@timesonline.co.uk,Mrs,825 565 5218
25e07275-05bb-4e48-bb55-6dd31c406f57,Rufus,Wanklyn,rwanklyn6j@senate.gov,Ms,337 593 5346
d9184213-e162-461d-893a-188bf83bdd3f,Aleksandr,Rielly,arielly6k@storify.com,Rev,765 264 8090
ad9f6477-b6eb-4f37-8e03-e04e6b792067,Perla,Grogona,pgrogona6l@engadget.com,Mr,479 102 7249
acc10a0c-35e6-4a56-ba58-b295deca1005,Sherill,Bluck,sbluck6m@nytimes.com,Mr,237 399 9467
9cfb97fe-8ca6-433f-b768-90464867d6b3,Ricardo,Wildish,rwildish6n@jugem.jp,Honorable,572 626 4184
11b476e8-37b3-4bfd-80c4-5d444b7c2737,Toiboid,Bes,tbes6o@ucsd.edu,Dr,575 250 7331
2b9bde51-4dd4-44a5-a1c6-a88e5a4c3d58,Antonino,Jacquest,ajacquest6p@hc360.com,Mr,228 504 5675
5ffae10f-28a3-4089-9a84-9b775dcbdc72,Bernhard,Hartropp,bhartropp6q@mashable.com,Rev,583 541 8631
5e0959e4-cd4d-42ee-9408-b57c9d52fed9,Sada,Benzi,sbenzi6r@gizmodo.com,Honorable,775 483 2094
85aa9bdc-1db1-47a3-8e25-765efbcacd44,Hilarius,Renehan,hrenehan6s@amazonaws.com,Mr,770 642 8978
fae9a524-4132-46d8-bd76-f507af5d1e01,Reinhard,Wane,rwane6t@discovery.com,Ms,989 706 8209
7a401580-260c-4406-8d5f-9ae1e5f57830,Coletta,Cannon,ccannon6u@discovery.com,Honorable,687 874 8063
8a3f2812-fd36-4362-83bc-d52b6a1d381b,Orly,Risbridge,orisbridge6v@slate.com,Mrs,384 149 4183
3494e9f5-47c4-4ecf-9226-143a6affe099,Andriette,Vaughton,avaughton6w@weibo.com,Dr,907 828 5691
26d9d87e-c341-4062-bc25-971bc90e8294,Lewie,Branche,lbranche6x@stanford.edu,Dr,841 856 2940
3ece7ef9-2e72-494b-8db9-cdabd19015a7,Conni,Fawdry,cfawdry6y@odnoklassniki.ru,Mrs,352 579 7012
398891eb-eb05-4f78-a310-b2c6ba8389ee,Cobb,Swadling,cswadling6z@skype.com,Dr,627 799 5090
f2d09d98-4591-4978-98d6-06741e60fabb,Valencia,Haylor,vhaylor70@nbcnews.com,Dr,859 791 7610
b6b4280b-77b5-4c88-8472-3162ae18fa38,Silvain,Avrahamof,savrahamof71@zimbio.com,Ms,850 227 2933
621970fb-98b9-4f07-a0a1-19999b12977b,Mirella,Ayre,mayre72@themeforest.net,Ms,983 947 9396
0186e2ad-3ca2-40ad-8dcd-a95cf0a372fa,Georgeanne,Denziloe,gdenziloe73@nih.gov,Honorable,442 259 9633
889fef43-af88-4f3e-a844-990253f05e60,Dari,Jelfs,djelfs74@google.nl,Honorable,556 527 8394
982778bc-7cec-4676-b354-e62e12a590ec,Hal,Neissen,hneissen75@jalbum.net,Honorable,286 243 6923
fc44c428-fbab-4601-8273-b5ed066d6b97,Gilli,McGeorge,gmcgeorge76@google.nl,Dr,853 345 9143
dc1bc874-994c-477e-8d2c-4b1a844ec09f,Hashim,Vel,hvel77@taobao.com,Rev,902 348 4220
2354a2ec-afae-4d25-a0f7-6d34ef848e6d,Francis,De Hooch,fdehooch78@histats.com,Ms,581 586 3723
d5ddfbbc-b0a1-44a9-af75-63b4da558a33,Royce,Brant,rbrant79@ucla.edu,Honorable,430 120 7575
fb045e31-f1db-4a01-bc6d-50a4a277b8d0,Kane,Gilcriest,kgilcriest7a@yellowpages.com,Rev,433 422 1874
43dab7e1-8786-4105-af41-fbbabd270fa0,Hillie,Raleston,hraleston7b@spotify.com,Honorable,931 478 2824
2ef63633-a368-4ce3-8e60-694d2e9d17b1,Harbert,Kapiloff,hkapiloff7c@sakura.ne.jp,Ms,163 829 3986
46f24622-8737-46f0-86f7-2594b2172c37,Steward,Mogie,smogie7d@wunderground.com,Dr,640 269 3639
b4789d7f-cdec-4047-ba57-37ad4c812c57,Grata,Spinello,gspinello7e@icq.com,Honorable,349 873 2297
723326a0-c35e-4993-8d7c-ae80f2772a9b,Katusha,Peddowe,kpeddowe7f@lulu.com,Mr,209 100 5210
d5ffea97-f8ae-43fb-9bd1-ad57b415ac04,Gordan,Leneve,gleneve7g@desdev.cn,Dr,907 166 6450
bba3c88f-bd27-425b-a9a4-2f69a0010218,Nero,Le Barr,nlebarr7h@cnbc.com,Dr,586 638 7391
23b3a077-e3d3-4483-8902-cbe7a4b4e947,Rubetta,Pardoe,rpardoe7i@flickr.com,Honorable,345 965 4358
69488ed4-065a-4247-921b-849f79326a63,Ruddy,MacMychem,rmacmychem7j@tuttocitta.it,Dr,758 630 2073
902f1508-eec2-469d-ac12-8f37255e6f0a,Baxy,Stanwix,bstanwix7k@blogtalkradio.com,Dr,777 402 8487
408b11ac-7cd2-4b83-9d4e-8a50721ca162,Janey,Scarlett,jscarlett7l@photobucket.com,Mr,236 185 7614
7ce1dc6d-84c1-485f-97a8-d94710c214da,Tobit,Scamadine,tscamadine7m@adobe.com,Rev,606 936 7994
cf87add9-5406-47a6-af76-1e4f32eceed6,Cammy,Caughan,ccaughan7n@cyberchimps.com,Ms,846 804 9028
5ed9b49b-08d5-4763-b607-f80fa7344865,Whitaker,Game,wgame7o@bloglines.com,Honorable,956 524 5211
347c77e6-c18f-41b9-9c13-fb907a8f6110,Marjie,Dibley,mdibley7p@netscape.com,Mrs,316 920 0568
06a27ba5-3fd6-4aa4-b888-f6793dfb29e9,Consuela,Peggs,cpeggs7q@deliciousdays.com,Rev,987 723 3681
f5225bb8-5808-48ae-a687-4bfe5e8dcb46,Giorgi,Malenfant,gmalenfant7r@google.com,Mrs,680 335 8476
13153811-f73a-464c-a57f-9ba11a491a4b,Dynah,Cranston,dcranston7s@unesco.org,Mr,222 170 3040
a6fe59cf-acdb-4349-9b63-a12e9509471d,Dolley,Dominy,ddominy7t@amazon.co.uk,Honorable,249 245 5548
f2f943f7-cc65-4cce-b6bc-4b56cab84fb3,Cris,Cullnean,ccullnean7u@rediff.com,Honorable,782 673 8592
39c59811-5059-4fca-9d3a-606770a7115b,Joelynn,Bointon,jbointon7v@discuz.net,Mrs,969 251 5707
25285509-c20e-4093-92f9-ad3dc2a58bd6,Tansy,Bubbins,tbubbins7w@answers.com,Honorable,301 443 7381
0c48e664-6027-4ca2-a6f0-e9f7fea4ceb9,Urbanus,Raddin,uraddin7x@cam.ac.uk,Mr,459 305 3267
fc189c48-e540-4f0c-b186-006ec54db4c4,Cheslie,Eldred,celdred7y@yolasite.com,Rev,411 529 5016
1195eaed-dd30-4efe-ab7b-8f2235aeae3b,Devon,Cosans,dcosans7z@ft.com,Dr,435 533 9041
1516b922-9080-421b-b3f3-54a170e894e1,Wynne,Briton,wbriton80@umich.edu,Dr,280 944 0009
8dcd8463-7887-4173-a99c-54a35ea49e9e,Jessy,Parrington,jparrington81@uiuc.edu,Rev,345 100 8278
17dec273-3008-483e-aa1e-a9fd9924d133,Humphrey,Latter,hlatter82@booking.com,Honorable,144 663 3864
7c274ee2-0dbd-4f33-bf6d-474cacb9dde2,Raine,Pawling,rpawling83@gnu.org,Honorable,407 652 3170
fa0f0e7c-b688-4690-a79f-0b1bb11771d8,Hernando,Ramble,hramble84@theguardian.com,Rev,469 130 6928
00ca257c-e425-416b-81ba-d0a1cd8e00d5,Harris,Youell,hyouell85@house.gov,Dr,123 329 2258
363a7fa6-47fd-475b-b12b-b5ba23c25237,Ulrick,Caustic,ucaustic86@bandcamp.com,Mr,544 727 5905
33ab81a1-73e4-49ea-90ac-9445ea7c05c6,Yvette,Galbreath,ygalbreath87@miitbeian.gov.cn,Rev,526 706 6030
ab7767ab-ceae-4f40-ab56-f34c4eb7d7e3,Flore,Plaschke,fplaschke88@ameblo.jp,Dr,758 536 0187
2604881d-d787-4a93-8a75-b1df94bbbaaf,Orbadiah,Sigart,osigart89@yale.edu,Honorable,828 225 8491
f058945b-83c1-4174-8ac9-9f74c6ad3032,Florance,Beggin,fbeggin8a@nhs.uk,Ms,557 830 5983
18eb8da2-0582-4518-8405-4249c1a090bb,Huntlee,Froom,hfroom8b@phoca.cz,Ms,858 699 7054
e572855e-720d-4390-9d55-aed3fef9051f,Cris,De Simoni,cdesimoni8c@sun.com,Mr,646 352 1378
b62d1c88-2027-4544-bfd2-c610a0d922e0,Herculie,Chesshyre,hchesshyre8d@nationalgeographic.com,Honorable,114 788 2879
54fd4c64-ab8d-4b70-bfbd-1e8764d61977,Ianthe,Suthren,isuthren8e@dedecms.com,Mr,667 823 1145
00bf5e89-5bd7-4f93-b772-d8b2fa6c5da6,Zelda,Killshaw,zkillshaw8f@chron.com,Rev,481 824 1082
fb21d26f-d814-4e9d-8665-9b304df726a2,Nathanial,Bichener,nbichener8g@ed.gov,Rev,695 810 2054
3b36f47d-ce76-4a61-a5d5-548ac29de4f0,Jojo,Reims,jreims8h@xrea.com,Mr,665 841 0189
bdd6c61a-bfe7-434d-9948-39bc10e44050,Joycelin,Drewet,jdrewet8i@dion.ne.jp,Mrs,949 743 6630
b38a40b7-b10a-45aa-bbfd-8cd7482a5c05,Humphrey,Metzing,hmetzing8j@tiny.cc,Ms,137 838 4041
a4f2435a-d308-4904-9e1a-b2c1f0a26a6c,Marylee,Carss,mcarss8k@mac.com,Honorable,507 348 2393
5ce4d14c-6da1-4451-ba77-5d3451eec809,Maris,Orgee,morgee8l@mit.edu,Ms,229 552 5506
ee65069e-8df8-4dad-ba12-eb93c3947df3,Denver,Spollen,dspollen8m@free.fr,Honorable,869 947 0107
c5e74780-b1ed-44a3-96e9-f812e0283127,Norean,Carcas,ncarcas8n@scribd.com,Mr,713 208 6872
374879c7-a3a5-4c8b-b7d2-8a6d06e5e048,Armand,Finnes,afinnes8o@soup.io,Dr,251 836 1871
b32e63b5-a8b0-4fc3-9d38-fd4689f7d512,Hilly,Preon,hpreon8p@wikia.com,Mr,894 543 8032
954a25a2-97d9-4941-b5ad-b818b161be80,Dexter,Janway,djanway8q@google.co.jp,Mr,413 699 3272
4add2bf1-3741-4b38-90a3-9253cb7c34ba,Hendrick,O'Shirine,hoshirine8r@dailymail.co.uk,Mr,849 238 7668
a0eb28e0-8c75-4c95-9761-f813a667dad6,Tonya,Summerrell,tsummerrell8s@buzzfeed.com,Ms,360 159 3605
84a245ce-27dd-4055-a15b-d7c954f24d59,Suki,Stains,sstains8t@indiatimes.com,Mrs,348 711 6515
6cf94df5-5592-4c62-8473-976c7af79770,Sandie,Bartomieu,sbartomieu8u@phpbb.com,Rev,241 989 4173
9fa50066-44f8-4a71-b89a-2f8b500a000f,Emili,Baythorp,ebaythorp8v@a8.net,Mrs,905 648 1283
dd4022a8-5df6-4262-8e99-cf863414a490,Lorianna,Deetch,ldeetch8w@webs.com,Honorable,995 274 5229
ad8c48a6-cb2c-408b-ba82-a710493a8dd4,Nessi,Johl,njohl8x@cnet.com,Dr,861 229 9221
c652ada7-cdd2-4fb2-886b-b272ac4382b0,Dionysus,Standell,dstandell8y@tripod.com,Dr,866 418 0438
4e6d4c94-496e-40bc-8c73-408ead9b05d7,Witty,Ximenez,wximenez8z@twitter.com,Mr,890 760 4182
9e91b9ca-4e59-4db9-bdb5-fdb636d2bac7,Ruthy,Soutter,rsoutter90@photobucket.com,Mr,715 590 8075
005d9da9-1567-420f-ae5f-7f5efd71b409,Armando,Jeness,ajeness91@taobao.com,Dr,436 798 5721
82739b4c-f129-403a-b933-1aba8b261455,Raquela,Clee,rclee92@vk.com,Honorable,561 396 3890
a33f22ea-d333-4a40-9070-33df34436c10,Seline,Filippozzi,sfilippozzi93@jimdo.com,Mrs,721 311 8658
ecfcf804-553a-4c92-abae-009f2582bcae,Pembroke,Boyack,pboyack94@msu.edu,Ms,668 136 3076
db93e353-1f83-4475-b3af-54bfbfb6dd6f,Laural,Balog,lbalog95@blogger.com,Rev,832 343 2272
b08720b8-dd9c-4788-95fe-4f0e793f4709,Bowie,Bunt,bbunt96@wunderground.com,Mr,839 226 2525
f0921960-7c95-41aa-8323-3b634b5e298a,Cole,Licciardi,clicciardi97@cbc.ca,Mrs,258 821 1850
0fb1f813-7321-456b-8d8a-b1206e8bd6fa,Kimbell,Benit,kbenit98@nytimes.com,Mr,372 142 2481
b7b77422-e306-4cc7-892c-14df32cbcedb,Fidole,Kubiczek,fkubiczek99@drupal.org,Honorable,247 212 1267
dc9b50c0-dd63-41fc-b7d0-5a9992f23b9b,Roi,Emett,remett9a@nature.com,Honorable,165 946 6311
0d40dfb0-fac0-4446-bb7b-d36cb128b48f,Paulie,Redon,predon9b@github.io,Honorable,167 597 5902
99df372d-f1d5-4fcf-ba10-4bcff6dcc19a,Jamie,Castelin,jcastelin9c@hatena.ne.jp,Dr,167 410 6813
611fdc74-8e00-44ea-9858-7e1f9af3bfa1,Elvina,Taveriner,etaveriner9d@mac.com,Mrs,429 214 4967
31099be7-b794-4691-a1a9-b79d23bb3434,Ed,Keal,ekeal9e@tripod.com,Honorable,497 968 4074
ebed3462-fe88-4b6c-a687-05d6db6636d0,Inessa,Goodfellowe,igoodfellowe9f@freewebs.com,Dr,657 962 1905
5b592e7b-e49d-4bee-aa54-58ca220040e6,Mariquilla,Crichton,mcrichton9g@gov.uk,Rev,239 969 8895
3d6cad7b-27fd-4272-8573-0387797e54d2,Richardo,Challens,rchallens9h@uiuc.edu,Rev,308 922 2524
2f924500-bdde-46e8-91e3-6947962de22d,Basilius,O'Dempsey,bodempsey9i@quantcast.com,Rev,417 562 1496
0d7f6b05-a5c4-4dc8-b498-573c546d51aa,Arlena,Blackadder,ablackadder9j@skype.com,Mr,469 146 8350
4638d2f1-5047-4e98-a4c7-24457e33981a,Carine,Geipel,cgeipel9k@indiegogo.com,Honorable,606 718 7839
58628cba-be12-48da-8425-2adee4fd0b3e,Elana,Kopacek,ekopacek9l@miitbeian.gov.cn,Mrs,989 812 5107
45aae35b-7765-4761-a57f-23092e396381,Marisa,Moughtin,mmoughtin9m@vkontakte.ru,Dr,880 685 3491
d2b734c1-b58d-4a2a-82fb-6f66bb53b150,Deva,Fairclough,dfairclough9n@histats.com,Rev,160 860 5050
134f5745-5b55-4008-8f0c-0e90236f40a0,Shoshana,McNish,smcnish9o@mapy.cz,Dr,272 810 9631
b0defe56-e9ff-43f0-81a9-30fde4bf5781,Lolita,Simenel,lsimenel9p@wufoo.com,Rev,312 943 2578
c7777a04-b407-4802-bda0-84a72d18c203,Collie,Liven,cliven9q@yandex.ru,Mr,503 591 8725
1e933054-d1f2-4bfc-bbbe-f73da308d263,Alix,Freake,afreake9r@barnesandnoble.com,Ms,938 831 5339
a7c1603f-8673-4ea6-ae60-d2432608ddec,Reagan,Ivanchikov,rivanchikov9s@google.de,Mrs,515 278 8290
dd7eae90-3fc8-4641-8f68-99aed3a82f75,Micheil,Billsberry,mbillsberry9t@tripod.com,Dr,785 553 3584
5ad463f1-b3f4-43db-aaaa-4f8ff0be9874,Marcile,Drewett,mdrewett9u@goo.gl,Mrs,629 818 9313
0e50fe64-9d1d-42b3-a99e-db3e58db8f90,Nixie,MacFarland,nmacfarland9v@taobao.com,Rev,378 278 4167
287a65c6-0161-4664-b8df-3e207812a3ab,Nehemiah,Dawidowicz,ndawidowicz9w@de.vu,Honorable,398 937 0573
8ca93bd2-9795-49a4-8e11-0c9a98ffc663,Thea,Hamblin,thamblin9x@nyu.edu,Dr,313 306 3451
ac3088a4-8342-46b8-8ef1-771d287bf65a,Stephen,Abels,sabels9y@list-manage.com,Ms,543 619 3863
5740ff3b-03e3-4bde-8d49-d7f034934b45,Rhea,Zanicchi,rzanicchi9z@1und1.de,Mr,682 947 2739
f82a9c15-31fd-421a-bda4-35435a949bb4,Nathanil,Warbey,nwarbeya0@forbes.com,Mr,619 392 4486
c8306672-abee-4a29-969d-e2fc7bf2ffa7,Michaelina,Priditt,mpriditta1@upenn.edu,Dr,723 987 5898
32d7c9f7-06f8-4e21-859c-c68b9005b80e,Ferrell,McNeillie,fmcneilliea2@addtoany.com,Mr,388 228 8066
614adb43-a8ca-4f6e-90c5-82bd3a1120d5,Dukey,Toquet,dtoqueta3@sbwire.com,Mr,626 467 5875
6eac26ff-cf59-401f-8cde-4404134fd925,Lindsy,Biers,lbiersa4@sourceforge.net,Honorable,929 132 9865
af84ecfd-4fc8-47c4-92a3-367da71c6a65,Bea,Mussolini,bmussolinia5@acquirethisname.com,Dr,118 943 6767
0af9951b-5c32-4983-88a9-69c048722e9a,Steffie,Witsey,switseya6@wp.com,Dr,895 568 7509
182d760b-18cf-462f-9305-1541640eeaf2,Lona,Prestage,lprestagea7@devhub.com,Rev,515 991 3358
3bac54ce-0dfe-4cbf-9118-9780a0b4ff24,Daisey,McKeller,dmckellera8@ehow.com,Ms,560 883 8793
2a2b0779-e68b-46cc-aa05-4d4aa77fdcf0,Nil,Asquith,nasquitha9@google.pl,Honorable,845 545 4150
27222975-eb4b-49c8-93a3-749a518b2811,Hubie,Lidyard,hlidyardaa@phpbb.com,Ms,153 380 2146
68714c8d-0f32-4ee9-b43b-52937473ddab,Mel,Gunter,mgunterab@ed.gov,Rev,360 686 8990
94355d02-b3e0-4a47-bef6-c6c3b6824524,Marylin,Glandon,mglandonac@ameblo.jp,Rev,745 241 1316
32eca7ac-094e-4f75-ba77-6c4d1a06ca4f,Cam,Darbyshire,cdarbyshiread@twitter.com,Dr,180 147 7114
1dcfaa72-94fd-4505-8b3f-ad6fb618c53f,North,Dutteridge,ndutteridgeae@netscape.com,Mr,386 291 2763
cebdb293-ded4-4016-8fd0-caf9b6083e7d,Addie,Chaperlin,achaperlinaf@delicious.com,Ms,981 357 6700
a7738ae3-5d88-41d6-a569-97d233408898,Shannen,Yokel,syokelag@dion.ne.jp,Mrs,236 592 5567
ba381f39-a745-41e4-b03e-5416aa2e4826,Syd,Jedraszczyk,sjedraszczykah@simplemachines.org,Ms,732 536 4275
59e12bc1-69f4-4369-90bd-1aca4f25a2b5,Mada,Troutbeck,mtroutbeckai@themeforest.net,Dr,164 514 4198
a412976e-acf0-48e5-aea0-995dd7c5a03e,Horton,Cleft,hcleftaj@hubpages.com,Honorable,111 991 8782
25a0da3b-2f85-432d-b2df-48579cdf20fb,Oralle,Bernardotti,obernardottiak@dot.gov,Mr,657 617 3968
49b37582-130b-44dc-aed1-8940a30bdfad,Quintina,McCormack,qmccormackal@bbc.co.uk,Rev,579 773 1666
8ede7777-4420-4e22-a278-19c239d458b8,Eugenie,Plumtree,eplumtreeam@howstuffworks.com,Mr,144 228 5231
d902485c-f49f-4225-8876-25f9a1d19ed5,Louisa,Gladdin,lgladdinan@last.fm,Honorable,711 706 0507
1e9d6ff3-147d-4cb5-aa69-a275bafd6ae7,Aleda,Bellworthy,abellworthyao@webeden.co.uk,Rev,425 567 6578
02119ebd-86d2-4492-b374-c3a49acddfa7,Tomasina,Brounfield,tbrounfieldap@a8.net,Honorable,570 181 6750
58d1711c-4728-4be6-94c7-8b6ad1073891,Trevor,Meriet,tmerietaq@sakura.ne.jp,Rev,325 362 6330
4a4de162-7367-4d59-8b5b-23f08faefbf3,Desi,Jirsa,djirsaar@deviantart.com,Rev,712 795 4141
863659c9-9a71-4086-a129-d2d4e72bf3d2,Kaleena,Champniss,kchampnissas@uiuc.edu,Mr,206 459 2747
dce73784-fa09-4a0b-a474-a38cd3c4c8c7,Audre,Pittel,apittelat@privacy.gov.au,Honorable,999 135 6602
18c6a22a-0bfd-4dad-baf9-59a3bae3ba6e,Tori,Rushbrook,trushbrookau@weather.com,Mr,151 577 3956
47276f6c-2482-46d6-8d47-39721b854e0e,Lara,Noye,lnoyeav@qq.com,Mrs,712 315 1558
f06263b6-1914-4543-a57b-21d4bfa7341b,Lea,Cockshot,lcockshotaw@cbsnews.com,Mr,526 854 0080
781a9809-86d1-4402-8096-fd374dbeab15,Christie,Soar,csoarax@cnet.com,Mr,628 559 8446
1ffb0bcd-125f-4fb1-938e-c9cf377fb6be,Annice,Heggadon,aheggadonay@cnn.com,Mrs,305 459 4950
d2ae6a94-9c4e-40b5-9639-0e6ea3ec0e59,Nora,Sauven,nsauvenaz@latimes.com,Honorable,165 166 1653
46b3b5f9-29ac-4501-9c40-86788d55369f,Aymer,Baudts,abaudtsb0@businessinsider.com,Honorable,510 654 8183
796f8c03-1702-4b83-bef2-92616f3537ba,Winston,Hussell,whussellb1@hp.com,Dr,331 958 7255
f5bc93ad-8fcc-405b-a80f-4edd839c8e69,Blithe,Dawby,bdawbyb2@163.com,Honorable,655 984 7916
9f65bb26-3074-4073-8e7b-1ac0ea405ce1,Brad,Klaggeman,bklaggemanb3@ucoz.ru,Honorable,271 139 0903
7f2cd047-b8b0-4698-940e-dcaf33068230,Packston,Schukraft,pschukraftb4@flickr.com,Ms,590 505 1901
e539530b-a674-4bb7-93e3-876ed2c375c5,Boothe,Beecraft,bbeecraftb5@pinterest.com,Dr,552 161 9203
e9ca0480-e60f-47f2-a126-accac800f604,Gottfried,Lockley,glockleyb6@barnesandnoble.com,Mrs,642 703 5524
ef404a3c-aaee-4bae-ae7d-fcdf5bb3345a,Arlena,Down,adownb7@gov.uk,Dr,688 960 4027
8c260ace-7fa7-47b0-89a7-5963ed55d25b,Ebenezer,Buret,eburetb8@foxnews.com,Ms,801 293 9914
82117539-f67e-4152-96fe-a5056a441a78,Valle,Mateuszczyk,vmateuszczykb9@ed.gov,Ms,801 197 1450
dc91d5fb-1c86-44d0-b0cf-35e7cfdc724a,Mord,Crowdson,mcrowdsonba@altervista.org,Dr,773 918 1842
fcb98726-7560-466a-ab39-911185b25bb4,Rodger,Corkish,rcorkishbb@kickstarter.com,Mr,929 617 6073
ab639635-1eed-4fc3-8aa3-7d42ceb392a9,Sissie,Dewdeny,sdewdenybc@blogtalkradio.com,Mr,428 793 9501
30f6afd0-bc5e-4c49-9d8c-35e39e95f26e,Karine,Waddilove,kwaddilovebd@uiuc.edu,Mrs,994 397 9803
80d6436a-b5b9-4ac8-9d8a-3053b3ad7b68,Blair,Macvey,bmacveybe@who.int,Honorable,801 864 7975
d06a0770-b38c-45ee-9422-7fb49680ee88,Hedi,Callister,hcallisterbf@xing.com,Ms,345 914 4611
c07ad570-23d4-4ce1-9b11-9ef9191dc89e,Ken,Ratnage,kratnagebg@yellowpages.com,Mr,466 737 8083
8a2c8d7a-ba09-4d23-a4f3-cdb3d5add157,Aldous,Musslewhite,amusslewhitebh@topsy.com,Rev,150 350 2357
43a482d3-8541-487b-96aa-810faaa85670,Tad,Easum,teasumbi@vkontakte.ru,Dr,255 546 3457
e9dc6bad-a95d-4d73-b1a3-eb9245163e87,Zaneta,Sowte,zsowtebj@netscape.com,Honorable,807 996 0953
41907cfe-8c5a-4310-8918-193d3fcc3410,Melly,Leyson,mleysonbk@shutterfly.com,Mrs,291 210 4872
d2a798ee-d25e-4360-9e1a-e8c20abee5bb,Annetta,Hampstead,ahampsteadbl@domainmarket.com,Honorable,725 105 1836
99c51b6f-27f5-48d7-acc6-b59ad4222242,Marketa,Basten,mbastenbm@oakley.com,Rev,247 646 4709
c8cd8030-5e17-48f2-96e0-de02df60fec2,Christy,Jaggar,cjaggarbn@livejournal.com,Honorable,644 994 8507
e158682e-8caf-4ebf-a3c5-b554c389eb44,Brinn,Jarvie,bjarviebo@amazon.com,Ms,484 953 8015
28da8396-00cb-4449-b0a3-13bb9583df7d,Karine,Hanshaw,khanshawbp@blogspot.com,Honorable,944 504 6190
baccb056-97e2-44d1-b769-a6652a19c97b,Brietta,Schult,bschultbq@mlb.com,Mr,786 352 4778
46b5e3d2-6748-47ec-9b29-8d8094b9ea76,Maura,Depka,mdepkabr@illinois.edu,Dr,607 724 9554
50ec0fbd-7b89-48f3-82fa-8660170e327c,Karine,Shurrock,kshurrockbs@cbsnews.com,Mr,928 352 5408
81867b13-50ce-47b4-a2d9-05e14375bd66,Eliot,Yair,eyairbt@bing.com,Rev,991 670 0535
81357702-0e11-4ac6-ab71-3fa94c7d09c2,Glory,Isacq,gisacqbu@usda.gov,Dr,181 314 8749
94eda7d1-eacb-404a-bb70-88004ec9aa83,Melisande,Jobb,mjobbbv@ucoz.ru,Dr,307 651 4811
af1bcb8e-2592-4733-aa7e-9e8301beb450,Christal,Torres,ctorresbw@ucoz.ru,Dr,451 213 8462
23f269c6-3c67-41f6-9e25-a6198883e16a,Jenny,Itzkov,jitzkovbx@google.es,Ms,790 952 4021
ad4b0602-0d82-4c92-ba91-9c556cd325fb,Buckie,Davisson,bdavissonby@newyorker.com,Rev,547 859 9300
46b03fcf-084a-42e9-84ac-e556169149a4,Theo,Plowman,tplowmanbz@washington.edu,Mr,217 538 5474
072da696-199e-4531-992c-ca63b0d77bb3,Kellie,Syne,ksynec0@mayoclinic.com,Rev,239 341 7387
bf1643ba-2284-4316-a9f3-8e1e504396a6,Eloisa,Bonafacino,ebonafacinoc1@hc360.com,Honorable,927 569 0141
efffb057-d3ad-4bba-8e7a-5b2073e75f47,Vinny,MacCaull,vmaccaullc2@skype.com,Rev,415 876 7897
c6d4e7e7-743d-4439-b077-bbab8a3464cc,Malinda,Denington,mdeningtonc3@soup.io,Honorable,488 485 2045
82b36c1c-1f30-4ef1-98b6-60ab3ad2795b,Clarette,Macilhench,cmacilhenchc4@abc.net.au,Dr,702 336 6689
569f184e-aefe-4868-9525-522e281f2eec,Zabrina,Elger,zelgerc5@ovh.net,Rev,877 154 4896
21449ffc-82e1-487e-ad33-60a159970938,Fabien,Klulicek,fklulicekc6@rambler.ru,Rev,298 553 9918
0cdd022f-d6ef-4978-b854-88247e8f3363,Ashley,Fuster,afusterc7@constantcontact.com,Honorable,700 561 1477
ea463100-4cc6-44d1-893a-a93143677b4d,Casar,Phipps,cphippsc8@networksolutions.com,Honorable,653 658 8203
efe63a4f-76aa-47b0-874c-e5f51a3eb3b0,Eustacia,Noyes,enoyesc9@goo.ne.jp,Mrs,123 254 6757
efa910da-588b-4e19-8b0d-40647ecaf4be,Larisa,Haggerwood,lhaggerwoodca@loc.gov,Mr,570 467 1633
7f2fd962-a6cb-445d-b819-79ca0999e130,Ibbie,Blankley,iblankleycb@nih.gov,Honorable,174 901 9173
0bec7c7f-c80e-46e2-80d1-dc9cb11f2eda,Neila,Benyan,nbenyancc@g.co,Mr,730 902 4003
37185715-20df-4a99-ac75-6bf4aeea3496,Clotilda,McVanamy,cmcvanamycd@freewebs.com,Mrs,435 285 3823
dcd41b9f-175b-4bc1-9a0a-3d189ecbd359,Sadella,Friberg,sfribergce@ft.com,Mrs,186 509 1185
eac12b0e-b4aa-486c-bce1-a282aa99ba40,Marjie,Keward,mkewardcf@behance.net,Mr,933 572 7658
24f2b4c6-2300-4d09-aec6-fda7b3ac2330,Neddie,McGarel,nmcgarelcg@pbs.org,Mrs,944 417 8927
c26553ff-7c5f-456f-aec3-8adb7dda7dfe,Vilma,Lowndsbrough,vlowndsbroughch@independent.co.uk,Ms,821 417 4640
142e7565-d298-4e19-b76f-8eb4776b33ab,Fleurette,Sampson,fsampsonci@irs.gov,Mrs,966 212 6425
eb3f4af0-d66d-4361-a8d6-4f3d06890836,Yovonnda,Slator,yslatorcj@fema.gov,Mrs,992 682 5607
6bee962a-4874-46f6-b964-90cf7c088d96,Lindie,Clayton,lclaytonck@tinypic.com,Rev,391 410 1341
97bbc404-45b0-4a21-98d2-c145b43b1771,Clayson,Littlemore,clittlemorecl@dropbox.com,Honorable,398 902 6382
6bd7bd57-3f9e-475e-8654-cc7cd71f5d3c,Micky,Spillane,mspillanecm@eventbrite.com,Ms,917 601 4650
85636548-6e51-4071-9313-50568b824f1d,Burch,Sivorn,bsivorncn@state.tx.us,Ms,406 373 7658
71f5afdc-d854-44ac-a103-5a0bb306ac4e,Cyrille,Yukhnev,cyukhnevco@answers.com,Ms,578 353 2480
0644c4e4-d11b-4be8-a0bd-9340cac6b79e,Thedrick,MacKain,tmackaincp@weather.com,Mrs,705 733 8981
d4c1a08d-adff-4366-966d-d3fe1b87a86e,Cicely,Bielefeld,cbielefeldcq@paginegialle.it,Honorable,125 842 5494
23804871-3931-4941-b8ba-5df65fe2ed40,Karalynn,Aldis,kaldiscr@usa.gov,Dr,908 990 8338
851cb93e-4ee2-4bc3-b016-70d5b17536b3,Dennis,Strutt,dstruttcs@livejournal.com,Rev,414 490 2144
4a131671-af0c-48ea-8825-09f2d5aab179,Cris,Garrals,cgarralsct@bravesites.com,Dr,727 926 2326
966e2338-6e67-453e-9b89-4d92c52a61a5,Ennis,Estick,eestickcu@myspace.com,Mr,368 205 6550
5b2f9330-22b5-4cf3-9622-0e0067b72707,Sibylle,Kilmister,skilmistercv@123-reg.co.uk,Dr,938 129 7199
5cf46979-62b2-46dc-b411-42710de24add,Morena,Tansill,mtansillcw@mayoclinic.com,Honorable,335 789 4949
24b05b4c-7d3f-4298-8793-609e7cdb3db4,Chastity,Spridgeon,cspridgeoncx@cargocollective.com,Mrs,363 379 6879
04e302d8-eb8b-413a-b6fa-56c42837ca43,Constantin,Varnes,cvarnescy@soup.io,Dr,631 451 7152
8a1e7f15-6668-4808-ae83-98ba20c623dc,Birgit,Brede,bbredecz@theglobeandmail.com,Mrs,110 912 9226
bd44421b-2d59-422b-ad97-e5c1c8637fdc,Prissie,Shreeves,pshreevesd0@go.com,Dr,122 916 1904
76b835ea-ae80-4f7f-a2a9-a7be608d5dee,Bing,Cinavas,bcinavasd1@upenn.edu,Mr,978 246 7563
4e90cb6f-38eb-4eb5-8943-89f3ffec51d9,Melvyn,Johnikin,mjohnikind2@blogs.com,Ms,376 796 0976
e949b673-3ee7-4f2c-a329-35f8ce199f71,Sinclare,Keedy,skeedyd3@bbb.org,Ms,519 502 3747
301f0a12-ed22-4313-b3fc-c3b6b5b816d1,Candi,Covotti,ccovottid4@360.cn,Dr,671 288 3165
888d8904-8a4c-4144-a828-1d91da75f17e,Gregorius,Wareham,gwarehamd5@virginia.edu,Honorable,423 446 5744
8ebd3e33-6d23-4cac-a537-1b5aea31595a,Gabi,Abbie,gabbied6@nasa.gov,Ms,150 487 4659
cceab007-6a3f-46f3-bef6-310d32ef2577,Jeffrey,Northam,jnorthamd7@issuu.com,Rev,803 820 7930
08c868d6-4292-4ea0-958b-485df6934d81,Bjorn,Wank,bwankd8@slate.com,Mrs,741 197 7407
4b1756dc-3b23-43e7-b252-51f4c09cf976,Rinaldo,Schafer,rschaferd9@hubpages.com,Mrs,337 891 3282
36d4aa7d-46b4-4cbe-8b2e-58e2d44c8059,Shannon,McGreary,smcgrearyda@shareasale.com,Ms,984 799 5462
0ecd7a6f-05bf-4643-a3ec-2fe89c5390b0,Con,Lipscombe,clipscombedb@bravesites.com,Honorable,651 482 3167
eaeaab16-fb73-4996-bd7a-ce6d0c201939,Marilee,Parkman,mparkmandc@ed.gov,Honorable,273 666 4140
b5a93778-c486-4521-adc9-739025140c90,Carline,Braunds,cbraundsdd@ning.com,Mr,502 830 4843
29e1e631-c882-4732-a10c-59f360dfd474,Tania,Andree,tandreede@japanpost.jp,Ms,443 214 5105
719bb284-8d81-432d-9a58-7cfe7003ce5a,Ynes,McKeon,ymckeondf@webeden.co.uk,Ms,541 582 1896
5f951326-ee2b-4242-a472-63ce1f9fe3a8,Johnathan,Romeril,jromerildg@diigo.com,Dr,862 345 2367
c996a290-6106-44a2-b814-caf5ce5a1b72,Adora,Enstone,aenstonedh@ameblo.jp,Honorable,894 843 2871
033d41ca-df6f-4d33-877d-bc324cef463b,Karoline,Temperley,ktemperleydi@geocities.jp,Ms,967 491 4429
599ddc29-1350-4014-b495-a51f9bb3d53d,Ripley,Delafont,rdelafontdj@thetimes.co.uk,Dr,753 806 5119
46ea4422-3710-4b7a-b1d5-11b02013e80a,Gladi,Clarycott,gclarycottdk@state.tx.us,Rev,114 745 5245
53517a74-81ad-40df-9311-3dce47be9b11,Millicent,Miche,mmichedl@blogs.com,Rev,695 209 7313
1d0699d4-05b0-4a57-b25a-bf7ced09d83c,Dotti,Element,delementdm@sciencedaily.com,Mrs,569 113 8263
10792a35-4073-48cb-ad24-79db46e9e2c3,Patrice,Janota,pjanotadn@ox.ac.uk,Rev,145 330 4356
8bcd1176-345b-4d2a-a2b9-0124e87aa62b,Meriel,Kitchaside,mkitchasidedo@google.com.hk,Rev,647 577 7615
9aaeeb30-3867-4bf2-b700-faca11ffb28a,Gerry,Melesk,gmeleskdp@ezinearticles.com,Honorable,366 655 1188
449d31e8-6a38-4081-8303-0e3b2b1766ac,Rubetta,Minette,rminettedq@yale.edu,Mr,743 811 1563
3fa2008c-93c1-47cd-a054-029495b1c614,Maria,Soame,msoamedr@microsoft.com,Dr,708 746 1319
ab47885b-2b40-46fd-803f-e7d1ce4b2663,Gelya,Mulhill,gmulhillds@aboutads.info,Dr,975 300 2385
1eaa9c48-ad33-4353-86b0-3470393e5f99,Bealle,O'Lagene,bolagenedt@tripadvisor.com,Mrs,196 647 5664
95eec13b-6588-4491-9a4c-302c5d439619,Rollie,Stoving,rstovingdu@kickstarter.com,Dr,254 280 3851
777aad64-608f-4b8f-99d9-9fd2c146fc6d,Gerrie,Crocroft,gcrocroftdv@npr.org,Dr,179 742 3518
2be85c87-b95e-4531-a376-227fc871f863,Rene,Beyne,rbeynedw@chicagotribune.com,Mr,321 268 7717
f74e0840-8df4-4874-b021-3077f0fecf75,Kevyn,Rous,krousdx@deliciousdays.com,Mrs,348 878 5330
479503cf-7f61-4232-a738-94d97908f4a0,Farly,McAlpine,fmcalpinedy@economist.com,Mrs,287 523 4712
9ebc3d98-2493-4ace-80c4-55caac67951b,Lanny,Rickeard,lrickearddz@walmart.com,Ms,496 446 7780
8237ed77-2086-4838-9d7d-ece41d6e836d,Miguelita,MacHostie,mmachostiee0@ucsd.edu,Mr,726 551 8118
c71a4879-c2d4-40cb-8913-2ab45356cbb3,Corabella,Agg,cagge1@newyorker.com,Dr,159 904 7988
3042d13b-5b9c-4709-96cb-f2a1de6897d3,Tamarah,Vannuchi,tvannuchie2@icio.us,Dr,810 109 9665
68f25b7a-a523-47af-ba2b-4a575189ce9d,Ado,McArdle,amcardlee3@npr.org,Honorable,261 918 6151
795b1539-a9c9-42ac-b7d7-48c22e4fc1dc,Dayle,Killingback,dkillingbacke4@seesaa.net,Honorable,690 551 8420
b09e264a-02eb-46c7-80be-631e01698446,Elenore,Kench,ekenche5@tumblr.com,Rev,180 988 7653
fa01a1c8-619e-46cd-9ec6-8b2b62c2461a,Malory,Soden,msodene6@independent.co.uk,Dr,268 664 7034
5036239e-1c5f-448d-aa1e-8061ae5e31c1,Kania,Levens,klevense7@adobe.com,Mrs,633 347 9360
f0433c76-0bbb-4207-9378-7f57baee2e15,Brnaba,Boule,bboulee8@g.co,Mr,363 980 7785
39dab9ff-1c9f-4e16-addd-ca1534bc7d0d,Stevana,Spelman,sspelmane9@nytimes.com,Rev,601 832 2244
b8c00fab-57c3-4543-b332-9a6f2515e022,Dido,Illem,dillemea@sakura.ne.jp,Mrs,529 723 8914
0ba880aa-0b27-42e0-9fdf-8091d386893a,Debby,Livingstone,dlivingstoneeb@photobucket.com,Honorable,823 272 0413
cdb26aac-4442-4d9c-b027-8a8b2701c19b,Tony,Pendlebery,tpendleberyec@elegantthemes.com,Honorable,722 410 6419
7a516a92-2d8b-4ba8-95d5-a6c9c0a29815,Meagan,Ketteringham,mketteringhamed@blogtalkradio.com,Mr,239 191 4197
4e918f46-f2ae-408f-a983-fb3e47b6fc9b,Emmeline,Dulake,edulakeee@biblegateway.com,Dr,372 844 3060
81fdc57e-0c0c-46c8-b47a-410e039f96fa,Chuck,Regina,creginaef@cornell.edu,Mrs,492 542 3070
c401d101-3ac5-4e8f-a999-4609c438cd9d,Roland,Greeno,rgreenoeg@tripod.com,Mrs,335 287 5745
864f56f1-3e5d-4cfa-a8e3-eb79d01752ec,Matty,Hawson,mhawsoneh@state.tx.us,Dr,910 473 5663
98ab368b-7f99-40a5-a0b7-d1ee4d95e35c,Cesare,Moorman,cmoormanei@nature.com,Mrs,392 172 3949
76e62faa-5a4a-4b58-a2f3-8b7f0d687cf6,Reed,Martin,rmartinej@yellowpages.com,Dr,430 752 5805
093a0bb4-714c-4dfe-9e2c-1a58e48d6bfb,Dayna,Gimber,dgimberek@answers.com,Rev,611 952 0473
ef9d5359-735c-442c-8664-5553f253a3df,Mata,Cochet,mcochetel@hhs.gov,Mr,270 476 9161
ef6876d4-f173-46b4-97d0-acc22def5f60,Tamqrah,Ilyinykh,tilyinykhem@cafepress.com,Dr,356 137 9410
51c46138-0156-4fb7-9580-4c7e24bc5f07,Bonni,Rickersy,brickersyen@bloomberg.com,Rev,761 101 0182
73c51d97-78b3-4bb0-a76e-32d126d067c9,Ailbert,Rallin,arallineo@jiathis.com,Honorable,463 839 7632
2ca2d8e7-1f49-4a26-896a-62002a639b6e,Kellsie,Purslow,kpurslowep@globo.com,Honorable,567 433 7500
ae8f76c2-6977-4af8-ae1b-4a8412b11b84,Niko,Rhyme,nrhymeeq@newyorker.com,Mr,638 495 2532
623691c1-0426-4ac2-8066-b8ea52e8d161,Falito,Bussy,fbussyer@cnn.com,Mrs,597 436 4424
d13198a0-c975-45e1-b86b-4139e3458071,Devonne,Thominga,dthomingaes@weather.com,Ms,571 590 4200
5208541d-a283-468f-9e3b-99c590741f32,Maximilian,Kennler,mkennleret@economist.com,Mrs,589 803 8899
3562f8b0-9b87-4c45-8e47-295fa3117e75,Prudy,Freegard,pfreegardeu@nature.com,Honorable,169 579 6800
037d8b9c-8fbf-4551-b710-c6934e459b0e,Maje,Finney,mfinneyev@dagondesign.com,Mr,295 913 4488
77a4b124-4d7b-4fed-93b3-6a62a4834862,Aloysia,Blanking,ablankingew@mayoclinic.com,Dr,157 764 1986
904781d3-15a4-4c1d-98a2-4607d8b04cc4,Patten,Voelker,pvoelkerex@gnu.org,Rev,192 592 9260
7110837e-3bdd-45c8-8971-07f0f1cf2c2f,Emanuele,Carlone,ecarloneey@cpanel.net,Honorable,308 428 4108
44d14a77-562f-42a7-8d54-2828bc03ac58,Sella,Revan,srevanez@illinois.edu,Mrs,777 618 4209
3bf4605b-e08c-40ee-85f5-3581686b8eaf,Burr,Cave,bcavef0@techcrunch.com,Mr,351 292 4885
cee4b549-27b9-4cca-928d-c7e2ad70d3c0,Darcy,Dofty,ddoftyf1@fda.gov,Mr,458 179 4847
b5061153-6111-4d9b-8347-5cb91aa5d85d,Prince,Ghilardini,pghilardinif2@sbwire.com,Mr,191 756 2135
b1fa7d84-b26e-45be-9ef2-63f4e39cb612,Luca,Casford,lcasfordf3@nydailynews.com,Dr,724 225 3943
88a7444c-d32d-48a7-8ca3-d9cc0ff3c55a,Rikki,Gillam,rgillamf4@nifty.com,Mrs,447 812 7402
281af53e-8fa3-4488-94a2-c14db361b4b1,Rand,Rosier,rrosierf5@posterous.com,Mrs,740 247 3302
67a9d60d-b0b9-441c-8312-39be269c6417,Elbertine,Gheorghe,egheorghef6@berkeley.edu,Rev,822 961 6515
746e307e-52e0-4483-98d5-8ec823ff0417,D'arcy,Nipper,dnipperf7@foxnews.com,Ms,357 361 1875
f5124af5-79ff-4ec5-a72f-b660af174b56,Shannah,Houlworth,shoulworthf8@indiegogo.com,Ms,892 885 2324
466aa915-e302-4399-96d8-67c7933e10d3,Merralee,Rubie,mrubief9@sohu.com,Mr,348 357 2865
581b8bb4-8602-4a22-bebb-98d85ed6ed17,Chanda,Coxhell,ccoxhellfa@engadget.com,Ms,810 970 3300
25c61688-b563-4bd0-a8d7-333b33a89bb8,Orsola,Patton,opattonfb@ox.ac.uk,Mrs,824 527 9903
ee2e647e-f719-4226-8fcc-a728e78309f3,Joseph,Rival,jrivalfc@washingtonpost.com,Dr,271 673 3402
8b771dbf-7282-4caf-a5fc-1c1b5547b6fa,Lorie,Cousin,lcousinfd@diigo.com,Honorable,230 601 4757
b8ddca23-9e5f-44aa-b968-e0e3e748f8d0,Jillana,Curton,jcurtonfe@friendfeed.com,Rev,346 954 8795
6a5510cd-a26c-4027-abb3-4029652007d5,Jeremiah,Drinkeld,jdrinkeldff@linkedin.com,Mr,523 800 1234
e1e2f14b-dd0b-4304-b040-92b4aa72e349,Findlay,O'Kenny,fokennyfg@last.fm,Mrs,905 849 1471
24666316-3ad4-4814-b851-9f6ff8e57db6,Konstance,Vurley,kvurleyfh@live.com,Ms,876 570 0710
e4c970d1-f698-4c6f-94bd-d7ce67c032f3,Lucilia,Lowton,llowtonfi@wiley.com,Rev,808 774 4229
02e4254d-38d2-4acb-b131-14218c84d8e6,Ermanno,Hawkridge,ehawkridgefj@sphinn.com,Mr,942 304 2500
5c29575c-290a-4afa-9730-ec3ef50f4277,Dido,Gergely,dgergelyfk@bing.com,Mrs,700 662 7567
8f6a062e-fff8-4ad8-9e5a-94837d201fb9,Marilee,Cuffin,mcuffinfl@about.com,Rev,493 858 7269
f8530c84-dc4f-49c7-899c-a70f3575ccba,Mady,Shoemark,mshoemarkfm@github.com,Dr,306 873 8066
63d5abde-d8bd-4e8d-b6e0-a89335a7bb12,Jessalin,Harbach,jharbachfn@netvibes.com,Mr,664 251 4222
e337f1cf-4a42-4848-9783-e8c063999958,Shaun,McKintosh,smckintoshfo@symantec.com,Mrs,885 450 1798
08bc72d2-51ec-42eb-8ec5-5a5d657ef03a,Lebbie,Debell,ldebellfp@artisteer.com,Rev,164 631 0258
2b71a7a0-1c77-4f7c-8828-115c5a110df0,Illa,Sleany,isleanyfq@clickbank.net,Rev,585 773 2478
35978d97-3f42-4208-ac0c-8c1f1e6b56a7,Elly,Craker,ecrakerfr@google.fr,Ms,158 994 2070
589231ab-fa09-45a2-96ed-c3debd686f8f,Giffie,Hawarden,ghawardenfs@goo.ne.jp,Ms,209 208 2988
757dcb94-7425-46c0-abe2-6f757e8361c8,Les,Bartoshevich,lbartoshevichft@friendfeed.com,Mr,152 535 7540
1b6cd60c-815f-42b9-88fd-b9b004217951,Inez,Rubinlicht,irubinlichtfu@indiatimes.com,Rev,550 641 1762
4462bd2c-c048-4dc3-9d69-b60df2bceeb2,Kimberly,Stook,kstookfv@canalblog.com,Mr,247 704 8805
0d7309f7-c8fe-4144-897a-ec0ade52133a,Fancie,Gobel,fgobelfw@huffingtonpost.com,Ms,937 683 6803
c4fbc352-2bff-4aaf-8365-2b395f350a0e,Marrissa,Braywood,mbraywoodfx@microsoft.com,Honorable,323 895 9795
81a17c68-bbcc-4d1a-9468-ef8331a9102a,Reta,Kester,rkesterfy@vinaora.com,Ms,353 692 5014
63b750d5-6e8d-4f1e-a811-4fb0b9de5664,Lenka,McCullouch,lmccullouchfz@china.com.cn,Mrs,764 760 1609
c2496113-a312-4f7a-b774-ce59513ae307,Carma,Cordeix,ccordeixg0@cnn.com,Mr,309 851 9020
1f817fb6-a9f0-4e28-ae00-d8d9956f8e2c,Jamima,Weber,jweberg1@census.gov,Ms,917 252 1028
f99d6322-5c99-46b5-8108-bd1334e6e92c,Hewitt,McLarnon,hmclarnong2@123-reg.co.uk,Honorable,352 881 4042
ed4f33d7-125d-40f7-9506-382dca49ac5b,Gordie,Galle,ggalleg3@hp.com,Dr,782 915 1604
a638087c-3d4a-404a-ad75-a5c988eff555,Goldie,Tessyman,gtessymang4@etsy.com,Mrs,497 542 6458
d06eb664-1490-48f8-8463-5cbf506ac728,Rogerio,Towle,rtowleg5@comsenz.com,Honorable,392 692 2199
326cb0d7-e114-48e7-990b-4f63ce39dcd1,Felipe,Morales,fmoralesg6@who.int,Ms,891 985 9357
d8ef50ea-8068-4bc2-8761-73fda512bff8,Libbi,Sheals,lshealsg7@yolasite.com,Rev,983 147 8888
b8b162cf-da64-4ed7-a41f-0c6ee8c0337f,Vivyan,Schooley,vschooleyg8@infoseek.co.jp,Rev,851 640 7144
5c43da9b-171d-468d-a2f8-5f1f22ea866a,Mommy,Pakenham,mpakenhamg9@accuweather.com,Honorable,937 566 5171
0c51a511-98d6-49cc-acf6-0632b226a79a,Margarette,Anear,manearga@thetimes.co.uk,Mr,374 970 8176
47a95992-d9c2-45fe-b915-ed333fee2bc7,Borg,Owers,bowersgb@live.com,Honorable,492 688 7481
1ca83c6e-e502-4648-b81c-28e23bc53656,Anallise,Mucklow,amucklowgc@si.edu,Honorable,639 706 8848
ebb5adf5-3d37-47fa-a118-48012ef5a152,Bertina,Moulson,bmoulsongd@reference.com,Honorable,469 610 2028
890cb86d-f3c3-4479-adf7-f0512c755843,Hal,Trimble,htrimblege@pagesperso-orange.fr,Mr,363 314 6234
db5d666d-411e-43ba-a66f-baad4193ebd3,Fran,Crady,fcradygf@twitter.com,Mrs,451 905 8845
9533909f-f92c-4c6e-9535-51840a85a9dc,Munmro,Ahlf,mahlfgg@google.nl,Dr,978 691 0753
74a7b4b5-50bb-43fb-be8e-cf4ceb1a23c8,Ketty,Mingay,kmingaygh@cisco.com,Dr,372 800 3046
8401a64c-e27d-4670-a05f-66a289bcbb2d,Dyana,Kemmey,dkemmeygi@tumblr.com,Honorable,847 449 4498
168543b8-6580-4373-b421-49d1eb5fa923,Mitchell,Canaan,mcanaangj@mtv.com,Rev,384 901 2261
3eab6e72-862d-4504-823c-957a5d615693,Beck,Hasell,bhasellgk@i2i.jp,Ms,417 627 9657
10baabc0-e40a-4748-a8f7-af0fb6e2c2c3,Brant,Zanutti,bzanuttigl@foxnews.com,Mr,313 409 5597
c15dedcb-97c3-4b29-9132-faff4bdf7fed,Meaghan,Reckless,mrecklessgm@cam.ac.uk,Honorable,967 878 4893
d640b6ec-62c6-4c4d-9e36-5a293b6b6d6b,Durante,Dallas,ddallasgn@plala.or.jp,Rev,505 460 6401
0aaaef50-39bf-4142-9732-c657325b4d41,Rubia,Leander,rleandergo@amazon.com,Mr,413 538 5500
674c800d-e041-4ca4-9a15-f91a0be675c9,Maureen,Yeabsley,myeabsleygp@narod.ru,Honorable,167 510 3287
9ba3a094-cecb-436b-b63b-e2bbce479d10,Iseabal,Pourveer,ipourveergq@bing.com,Ms,423 350 1788
de834167-8cb4-40c5-802b-941d1908f64c,Thaddus,Capron,tcaprongr@ucoz.com,Mrs,219 275 9974
b2b22c67-b8e3-4781-913c-ae37198909c9,Marylee,Flanagan,mflanagangs@skype.com,Mr,650 396 5821
cf81e87b-c61a-49cc-9638-00735ec00c86,Fitzgerald,Cawdery,fcawderygt@nifty.com,Dr,136 653 1502
fcfd0f67-3ab1-4438-8aad-6834426b7467,Abey,Gurwood,agurwoodgu@ucoz.ru,Dr,182 771 1222
1f75f63b-639b-4a50-93a2-671c058d4a4b,Rosalind,Langsdon,rlangsdongv@list-manage.com,Mrs,665 305 7220
b5abdd19-f28f-4238-b6e7-146905928f2b,Trace,Webborn,twebborngw@buzzfeed.com,Honorable,278 844 5226
0aff838a-18e8-49db-880a-d022e6c3745b,Elvin,Jancik,ejancikgx@diigo.com,Dr,209 356 5573
48192aa4-2fe5-4947-98c8-50f7df2f04db,Loren,Sawrey,lsawreygy@opensource.org,Mrs,123 833 1291
c06e3882-aade-4102-88f5-b6533cd3609e,Flemming,Cowburn,fcowburngz@reddit.com,Dr,859 813 0483
fe857d80-4bf0-46b8-8a78-438b0015cebd,Bari,Ricker,brickerh0@mozilla.org,Mr,823 190 9115
84d3a6d4-158b-45e4-95b0-df2fc7fd9986,Vita,Britch,vbritchh1@flavors.me,Dr,345 469 9496
7058a11a-9a63-4e60-9c2e-ba6084781570,Ginnifer,Nussgen,gnussgenh2@prnewswire.com,Mr,834 139 4721
ea02f8ae-1a0a-4099-b787-3b7d8b21c132,Dennie,Lehrmann,dlehrmannh3@youtube.com,Ms,431 750 2126
dbdb38d4-0d4d-409c-95ec-359f054dafa9,Dare,Rollo,drolloh4@loc.gov,Honorable,673 922 1667
bf0c0835-62a9-4992-a028-a1923eb1ae78,Cherin,Meynell,cmeynellh5@timesonline.co.uk,Ms,230 906 5752
b8ca6e09-e4a5-477f-962a-494ccad1f929,Rebeca,Goodredge,rgoodredgeh6@wufoo.com,Mr,462 637 6479
03ec1f00-7430-4b30-8c61-4a02a342394e,Davidde,Shedd,dsheddh7@smugmug.com,Rev,935 569 8454
03916dfe-d35d-44ed-a5c4-501328defb76,Thain,Isack,tisackh8@unesco.org,Rev,613 908 9053
c414173d-76b8-4a3a-a486-8d94e24080b9,Panchito,Few,pfewh9@kickstarter.com,Ms,598 485 6101
df3de631-e9a9-449b-9268-37bd0d09ac89,Gilbertine,Lumly,glumlyha@ucoz.com,Dr,338 722 6386
52438b85-f1be-4cc1-86b2-8a3aafe0f0fb,Antonetta,Whelpton,awhelptonhb@china.com.cn,Dr,576 157 2992
837746a1-909f-4f13-828d-39254e9fa81a,Jenelle,Dennert,jdennerthc@ocn.ne.jp,Dr,701 348 9244
685df744-b348-48ad-911d-cf7b8b04dcc5,Joela,Milkins,jmilkinshd@howstuffworks.com,Ms,162 950 0759
fbf5aee4-28b9-455f-8c0c-257d46317e21,Orsola,Swidenbank,oswidenbankhe@dot.gov,Mr,362 682 0755
00492faf-bc8d-4939-b735-6a387927cb7c,Mabelle,Sorbie,msorbiehf@mail.ru,Mrs,958 300 3298
8921b746-32d3-4cd6-8962-65d822ebabf7,Coreen,Vyel,cvyelhg@imageshack.us,Rev,480 205 9661
911d60ef-a725-4ac4-a92c-32ea88b4cc00,Emory,Greschke,egreschkehh@dagondesign.com,Mrs,701 703 0449
766b7d4e-498d-4939-97ce-665763c15d9b,Elset,Mallard,emallardhi@nih.gov,Mr,499 325 0767
ae323a6f-64b7-417f-86e2-5ddc6e3f4095,Diahann,Do,ddohj@booking.com,Dr,335 704 5676
389781ff-f486-42dc-a865-6981d3282c9f,Jacquetta,Lush,jlushhk@hud.gov,Ms,391 889 9295
b354fb08-1bc0-456f-87f5-f00b9df2e789,Jacquette,Maccrea,jmaccreahl@plala.or.jp,Rev,899 684 6051
9af07da5-04f4-4da1-8f4f-67ee96ffd8b9,Rourke,Thormann,rthormannhm@cmu.edu,Mrs,719 651 1754
9e754f51-1981-4faf-a211-b333784867f9,Leigh,Hubery,lhuberyhn@newsvine.com,Mr,182 427 1994
9e355194-facd-42b2-a10e-aba5431e2858,Michel,Charte,mcharteho@google.com.br,Mr,989 434 0739
e2ca5e21-5127-4b1c-b212-71e2f4b34b49,Shana,Baldi,sbaldihp@weibo.com,Ms,817 538 4575
f43959c4-f247-4b44-9def-420407479459,Joann,Tarburn,jtarburnhq@furl.net,Dr,278 284 5538
2ae3e0c3-4c05-49c4-ab61-f8c122900f31,Wynne,Baudino,wbaudinohr@google.fr,Honorable,960 674 2223
b2380821-863b-414f-bb8e-946843447aca,Donall,O'Malley,domalleyhs@amazon.co.uk,Ms,833 704 3923
1308faa9-9fe6-41c3-8351-c77b3cca291c,Nero,Crosi,ncrosiht@google.nl,Dr,774 902 5739
2734408f-2519-4b34-816f-da500f7dfff8,Northrop,Smallwood,nsmallwoodhu@xinhuanet.com,Ms,679 544 6150
c16eeba2-9296-4055-bb17-0a1f60ee7b21,Immanuel,Saffon,isaffonhv@topsy.com,Honorable,319 609 7558
0256aaed-6153-4b5c-b0f6-994d68d4bd97,Coralie,Arkell,carkellhw@twitter.com,Mrs,243 134 5242
8a62fb6b-e5f6-4b0f-9813-49916c03afdf,Maxy,de Wilde,mdewildehx@pbs.org,Rev,589 606 1921
e4b724dd-bfbd-4098-9b7f-121325a0d3bd,Rossie,Yukhnev,ryukhnevhy@netlog.com,Honorable,474 185 8381
9711e34e-3070-4bbc-8ceb-da838a376383,Herby,Garioch,hgariochhz@cnbc.com,Honorable,872 883 7225
9f5f4e16-5beb-4b0c-a3b9-525574e50af5,Abigale,Toyer,atoyeri0@tinypic.com,Rev,519 988 8648
6b6014f1-6339-4bf6-8e70-df9eb8b1263e,Lenard,Ludmann,lludmanni1@noaa.gov,Ms,904 836 2007
4cb50987-54f8-45f3-95a1-f62372dfb67f,Clementina,Crumly,ccrumlyi2@mapy.cz,Mrs,787 576 5838
10444796-9c04-4cb0-9f8f-2f7f2b03d4a1,Sid,O'Kenny,sokennyi3@infoseek.co.jp,Ms,636 252 1287
b74a2f57-e5ce-4c22-b19e-1f263e7b6e5c,Herve,Pittendreigh,hpittendreighi4@dmoz.org,Ms,344 930 0364
e908226e-0186-426c-be29-8d55f619af3a,Deonne,Colbert,dcolberti5@npr.org,Mr,426 916 5655
c465bab8-f812-4e7e-b746-25a65bfa230a,Teddie,Busse,tbussei6@diigo.com,Mr,190 970 2261
eb4c30df-6d0f-4a61-bce4-c2b8664b9685,Sonia,Cordle,scordlei7@youtube.com,Honorable,773 613 3686
8a951002-2abb-4976-9bc5-768a5cedd709,Steffie,Jerromes,sjerromesi8@printfriendly.com,Dr,485 801 6873
95b05150-976c-4187-8d1e-e48515786889,Cecil,Ferrarotti,cferrarottii9@over-blog.com,Dr,632 926 7337
a164e046-c352-4ac7-badc-94ec70f54fda,Jolee,McKiernan,jmckiernania@mail.ru,Mrs,416 114 6549
0bd7bade-56e6-4148-b51d-de08f3fafa7a,Gwenora,Beining,gbeiningib@furl.net,Dr,849 847 7274
3aa3c1c3-8a80-4225-b00e-5a2d6b5dc053,Xavier,Tollet,xtolletic@alexa.com,Honorable,775 101 7303
f8c19380-d3ae-42e5-b820-1c9d80bcb023,Birgitta,Worpole,bworpoleid@youtube.com,Dr,472 934 2243
d7b43e0b-147b-4ac0-a719-8e8689edc34f,Dewain,Strange,dstrangeie@ocn.ne.jp,Mr,987 561 2697
f67f123f-5e4d-431c-b4c7-afcc05a1059a,Hobie,Sibbe,hsibbeif@google.ca,Mrs,800 365 8032
618843e7-2063-4490-a3ef-e606149b2c4c,Brandtr,Sandison,bsandisonig@wordpress.com,Ms,158 521 9053
edab26e5-f74c-4e34-8e82-c7a11d1145d0,Bil,Pere,bpereih@miibeian.gov.cn,Rev,205 884 1026
2c2e4992-ed32-4d87-a00a-18fa0b64c4e9,Selene,Isselee,sisseleeii@wunderground.com,Ms,581 978 6286
db630784-9534-41da-b9fb-7f9cba003bcc,Alley,Healy,ahealyij@posterous.com,Honorable,719 437 6982
20372fa9-3f38-46ba-ac3b-f1aa183c0f76,Jack,Godbehere,jgodbehereik@eventbrite.com,Rev,927 310 0708
0d21966d-a613-40b3-a23d-55bbaee0ba7d,Montgomery,Stoyles,mstoylesil@forbes.com,Dr,937 918 3936
1140c229-cf68-4f6d-b62f-a7cce81988b4,Addi,Widdowfield,awiddowfieldim@devhub.com,Ms,355 251 8381
b4ab7bbc-2e1d-407c-9c87-6d67ff60c189,Jaclin,Immins,jimminsin@360.cn,Honorable,542 769 4821
28f49e74-d898-4603-8ff6-98083317c9e6,Darby,Rosnau,drosnauio@bluehost.com,Mrs,669 843 8285
c521979c-50e1-4355-8326-7991ff26186f,Charlean,Allbrook,callbrookip@purevolume.com,Ms,355 721 7842
86b62c50-8fb0-44d2-843e-7a430b0498d6,Nerti,Burner,nburneriq@hatena.ne.jp,Mrs,246 522 7660
e6c9626e-d0f0-4dbb-bfe6-d894c7926ed1,Trula,Yakebovitch,tyakebovitchir@samsung.com,Dr,982 475 2911
f90add93-c4f2-4f87-830b-1c775c571db4,Kristien,Pozzi,kpozziis@theguardian.com,Honorable,630 941 2221
4f018f42-374d-4908-9876-dc68a9a1125d,Sonnnie,Retchford,sretchfordit@reverbnation.com,Mr,805 573 2746
d3dcd196-baee-4b17-bd89-07084ecddf41,Ashby,Bramah,abramahiu@archive.org,Mr,393 139 8125
db8dad5f-2823-4c76-90db-4d938f2f906f,Keene,Upjohn,kupjohniv@fema.gov,Mrs,628 335 5145
f6666add-0955-4299-a8e6-95471ce79180,Fan,Gonnet,fgonnetiw@cdc.gov,Ms,451 452 5094
7ae1e71e-903f-45e7-9a68-98965d40b649,Carmine,Evenden,cevendenix@paypal.com,Dr,676 743 0379
c214383f-f511-4aac-95d3-c2c1f5338160,Donica,Greenard,dgreenardiy@google.ru,Honorable,347 226 2745
2c0f55ab-b0c2-4f8b-b890-091c89e2fbd3,Gunner,Moss,gmossiz@chicagotribune.com,Mr,269 340 1057
039cde2b-9a5a-4e9f-9617-bb9a86d5d7e3,Polly,Woodbridge,pwoodbridgej0@topsy.com,Mrs,989 569 3840
0702d61f-84f0-4c11-9b5e-79d8ad6ec7a8,Osborne,Sizey,osizeyj1@liveinternet.ru,Ms,999 955 3736
6c727d8c-0c9a-4543-8df3-cbe4c1d2d961,Zonnya,Harcase,zharcasej2@nhs.uk,Honorable,334 566 2152
051c1476-0960-4f10-8033-747b242031cf,Regen,German,rgermanj3@icio.us,Honorable,570 910 0168
69df60f6-b82d-4c96-bca8-a173234da505,Fernande,Skirrow,fskirrowj4@prweb.com,Honorable,741 105 7861
15c144bd-c295-4b74-b95d-f2436a7adb69,Bonny,Waything,bwaythingj5@rambler.ru,Ms,915 197 9742
e1d98f6a-7742-4392-a545-e94e083ab544,Rudyard,Tompkinson,rtompkinsonj6@npr.org,Mrs,601 413 7606
b3cadcc7-c312-41c1-9366-4310abf40193,Jackelyn,Clinton,jclintonj7@joomla.org,Ms,399 157 4523
9ca2ecf8-85d4-4389-8456-2eed36336a88,Verene,Scholler,vschollerj8@marketwatch.com,Ms,605 464 3490
8a73b93b-0e5f-4e1c-8575-783e270bf07f,Katina,Scantlebury,kscantleburyj9@bizjournals.com,Mrs,296 556 4154
a100d19a-4400-49a7-804f-8b0103edd482,Powell,Saffin,psaffinja@miitbeian.gov.cn,Ms,461 917 6984
244abc12-05cd-46c3-9275-46a1cd73503e,Devin,Manueli,dmanuelijb@blinklist.com,Mrs,950 856 1045
f240cddc-5c04-4b73-aa53-9960957d1c4b,Ragnar,Stiff,rstiffjc@wikipedia.org,Mr,220 767 5841
a2798ca9-e0f3-4987-a429-b4ac3e700b55,Norene,Keal,nkealjd@tiny.cc,Mr,278 930 4499
b7918575-8d45-4f77-a3fa-e16cd6e7a2ee,Vina,Pirrone,vpirroneje@1688.com,Honorable,641 608 3905
471beca6-a273-42b9-8d6f-34623d401313,Merlina,Hunnable,mhunnablejf@independent.co.uk,Rev,284 439 9760
59052cd9-d74e-4c37-bd62-30a1a876c69c,Etheline,Mauchline,emauchlinejg@eepurl.com,Mrs,715 422 5198
4a26a834-26b1-40cb-afb4-6c96e40c7542,Hugo,Gossipin,hgossipinjh@geocities.jp,Dr,488 256 0572
07e46414-0e91-4bb3-8860-53df88f8c9d4,Maia,Macallam,mmacallamji@imgur.com,Dr,539 604 3010
17e154b2-8b5c-469c-a89a-70ddca6e59f8,Melodie,O'Henecan,mohenecanjj@ucla.edu,Honorable,133 182 0921
75cf70a0-5c1b-4f36-8700-9af44c5875ee,Pierette,Stockey,pstockeyjk@over-blog.com,Mr,464 751 6735
d8b8b8b3-b3df-488d-8651-89fef897aa05,Hinze,Vasyuchov,hvasyuchovjl@mysql.com,Rev,661 516 0173
1c0bfe22-bc76-43cf-b124-6ab7eabd8f1e,Jaynell,Garham,jgarhamjm@weebly.com,Rev,348 966 7531
52da57c0-9dc8-45f4-8fda-5b18d8511ed2,Kristoffer,Earsman,kearsmanjn@yellowbook.com,Mr,921 763 4285
12738a87-18c9-408a-ada4-211c6c53a794,Kordula,Drable,kdrablejo@symantec.com,Ms,531 401 5514
e74273ad-c582-4c45-a144-c4abbe580e95,Wilfred,Reynold,wreynoldjp@discovery.com,Mrs,617 475 1785
cb9cd1de-6923-4686-9a8c-82253ab2bc30,Raphael,Stockill,rstockilljq@cisco.com,Ms,727 913 1687
f4beb529-4154-463e-b02b-75fb9aa22891,Lynnet,Tchir,ltchirjr@dot.gov,Honorable,182 910 0276
5b078277-3721-4ca5-94a6-4ea31a4c9f7e,Bevon,Belt,bbeltjs@census.gov,Rev,776 976 4380
c70cd413-70cf-4dbd-9bfc-68d5803aedae,Ferrell,Wardel,fwardeljt@altervista.org,Honorable,943 421 8134
d69557e5-862c-4026-a775-207b23ead68c,Dorisa,Beringer,dberingerju@51.la,Ms,374 388 4672
0efd39c5-2fae-41de-a49a-ca000c88ea44,Hynda,Hardware,hhardwarejv@elegantthemes.com,Ms,274 890 2556
c8bcd65f-e059-4857-92e6-53084d4c3bee,Josie,Tarr,jtarrjw@goo.gl,Rev,410 176 6459
c6c9a692-a7e7-442d-a1eb-d2d3d55435bd,Francois,Chart,fchartjx@eventbrite.com,Dr,869 926 9306
1c55d593-3bad-4872-92d0-14e3e67421d9,Sidonnie,Gabrieli,sgabrielijy@barnesandnoble.com,Rev,396 655 6304
39bdffed-aad0-437f-8395-c7c45e519920,Gene,Cometto,gcomettojz@wikipedia.org,Dr,611 217 0894
d2fe4588-b363-43cc-ab12-0049d815561f,Ricca,Avon,ravonk0@salon.com,Dr,834 166 9607
3eedf21d-fe74-4374-9eea-d0ee209f0f7a,Vikky,Haythorn,vhaythornk1@nymag.com,Mr,824 623 0725
0148d6a6-d559-4e34-86a6-5e0c0576abe4,Devora,Seeviour,dseeviourk2@parallels.com,Mrs,348 845 1885
05663ea9-00a6-4432-a8c2-3c968e94affd,Eleonora,Stockow,estockowk3@oaic.gov.au,Honorable,934 685 3626
57f7e284-678e-4e2c-803b-79efe1b117fd,Elijah,Dawby,edawbyk4@fastcompany.com,Ms,763 130 7985
e30405bc-e29a-486b-a9b3-dbb7760607cf,Andria,Foulsham,afoulshamk5@icio.us,Dr,116 931 2400
40f1a584-cb0c-4593-be3e-389ddfd9868b,Alvie,Cassam,acassamk6@cocolog-nifty.com,Honorable,493 202 0063
fb688696-b268-4e4b-9234-367087d65893,Willabella,Biggans,wbiggansk7@csmonitor.com,Ms,266 292 3344
a9088358-3bf6-4df0-88ae-23ede1c50a13,Gamaliel,Matasov,gmatasovk8@t.co,Honorable,219 777 4733
3f9e2363-f656-4b85-ad79-ff905cd8002b,Emylee,Arnal,earnalk9@yandex.ru,Mr,893 511 4948
aba2817e-b6dc-4e6e-9e43-6f33b382e26c,Anni,Hamelyn,ahamelynka@google.ru,Dr,785 171 8914
921a8d7b-5537-4a2c-84b7-b05044fa432b,Jorgan,Musso,jmussokb@wikia.com,Rev,171 478 8690
1aecc2fc-6066-4e27-924f-fb729a9b4221,Gwyneth,Teers,gteerskc@surveymonkey.com,Ms,432 120 9165
f0c05312-2a35-4c42-be1e-510e4b155256,Sal,Borton,sbortonkd@examiner.com,Mrs,892 496 2856
aeadb3f9-24fc-43de-a0d2-892a2f99b596,Karlie,Colin,kcolinke@columbia.edu,Rev,237 777 1855
669c6e1d-e48d-4610-9296-e28b87afdcee,Nikita,Bielby,nbielbykf@nhs.uk,Ms,976 742 3778
40ae9bba-fc7d-4895-b589-03b1adb944a3,Leonardo,Oxlade,loxladekg@ifeng.com,Honorable,863 468 5019
df53e56e-04fd-44ff-a4c7-234c6cac9914,Kaleena,Spottiswood,kspottiswoodkh@scribd.com,Dr,776 997 8522
752ae337-b0bb-426b-9e74-989175a9af81,Emmy,Pickavant,epickavantki@bing.com,Honorable,455 467 9980
78986a50-34ac-4701-8b97-eea05f62bdf6,Janeczka,Matfin,jmatfinkj@i2i.jp,Mr,812 326 0059
f95f4320-c15e-43fd-8aa0-42b6132437d8,Jaime,Gollard,jgollardkk@ftc.gov,Ms,967 767 4849
2dde2b50-7429-494c-a90f-093584b03778,Kent,Ewart,kewartkl@reddit.com,Honorable,964 668 6507
c8c92a7b-392e-4717-a45f-4f051e828b5b,Loralie,Gudger,lgudgerkm@europa.eu,Mr,885 624 5638
228394fb-96da-48d5-8ff1-ce81c7483148,Nadean,Syres,nsyreskn@nature.com,Honorable,795 924 9186
e68a98fe-fac9-48d3-8c2f-2ff8c091a558,Peyton,Furnival,pfurnivalko@ft.com,Dr,320 244 2797
a24b2a4d-d2ce-4348-a4f5-acf1cb5a4dc4,Thorndike,Youel,tyouelkp@etsy.com,Ms,351 417 6576
fa9fab07-8ba2-4276-97bc-66a3aa0834ce,Katalin,Fulton,kfultonkq@webs.com,Rev,256 597 7977
f1b7ba9d-e482-477a-818b-f69db52bdae0,Andre,Cuttin,acuttinkr@wikimedia.org,Mrs,308 999 8356
f5a8e207-5006-4d0a-a9ca-02852e6ff510,Henka,Mainds,hmaindsks@state.tx.us,Dr,962 889 1774
c579da5b-f4b7-4f91-b1e3-eed521d54135,Guendolen,Gear,ggearkt@reuters.com,Honorable,495 315 7890
dc86da1d-75fe-4bdf-9d2e-56ddfcde2e8f,Livvie,Ringsell,lringsellku@wordpress.org,Mr,728 417 2278
a2403f60-5c6d-4408-819b-3b272ed827f1,Doralia,Herity,dheritykv@freewebs.com,Rev,652 254 8133
d6b86f5a-8a14-4915-b22b-24135e2f5c7f,Jed,Goodere,jgooderekw@seesaa.net,Dr,475 805 9855
c076bdda-936a-4fd6-a68c-55ea2d2ca9a5,Connor,Freemantle,cfreemantlekx@icq.com,Ms,587 765 0524
916ef53c-8574-4cf8-9979-4bf92044233d,Gerhardt,Cathersides,gcathersidesky@nasa.gov,Dr,139 823 1579
f0928971-1e9a-4d36-962b-dafa84c2b8bb,Lyndsey,Taberner,ltabernerkz@usnews.com,Rev,782 716 3960
3465a30c-d612-4a7a-a4c8-90ebd707c953,Lissy,Gouck,lgouckl0@state.tx.us,Mr,883 570 6393
4f4b5a93-4670-4263-bdda-9e04249b3839,Mari,Walkington,mwalkingtonl1@washingtonpost.com,Mr,274 552 9974
445396ea-26ba-4361-a9ba-3c98c9e7ca4b,Abbey,Rule,arulel2@themeforest.net,Mrs,414 438 0545
5425c3fa-615e-40ce-96c5-4476dff644af,Corrina,Rowbrey,crowbreyl3@hp.com,Mrs,418 836 0105
9190d1cd-2153-420d-ab69-f2fd123e9f6c,Katrina,Lardiner,klardinerl4@whitehouse.gov,Mrs,602 166 4107
f6036400-2e1d-49a2-b5a0-a4c77bf33aa1,Joelle,Jimson,jjimsonl5@oaic.gov.au,Mrs,901 780 6913
206726e7-144f-43b0-bf6e-d7a77253cd35,Barth,Hughes,bhughesl6@sogou.com,Mrs,200 137 2833
f7d703f6-02da-4722-8923-c2f6c1ab18d7,Emmalee,Cheer,echeerl7@indiegogo.com,Mr,680 774 1032
91ebe4d0-a48c-45db-b8e8-5d2e38263630,Melvin,Eagland,meaglandl8@irs.gov,Ms,593 332 9943
0358ac00-5d65-4c0e-8636-69432a6367fd,Heather,Martensen,hmartensenl9@unc.edu,Rev,408 343 8648
d84ca45e-8695-44ea-8b1e-7331d213d0b0,Mellie,Mellenby,mmellenbyla@youtu.be,Rev,664 304 9567
86597a2c-ad37-4757-9aab-09ba28445884,Tann,Ockleshaw,tockleshawlb@jugem.jp,Mr,133 525 8480
667f7834-32e9-48c7-9cc3-d349a2983e2d,Riordan,Mockes,rmockeslc@youtube.com,Dr,376 150 4632
fa9a41c7-37da-4775-8036-d5f7b9377495,Aime,Sedgebeer,asedgebeerld@wordpress.org,Dr,728 316 0234
011068cc-343b-44ac-8b8d-9a133d94ae69,Teirtza,Jakucewicz,tjakucewiczle@flickr.com,Mr,731 355 5000
50898ef5-ec31-46ed-a731-b7b4d2324745,Stillman,Dallimare,sdallimarelf@google.de,Rev,234 528 3199
569527c5-7d5f-45cb-a9f1-c32d04c06180,Augie,Whordley,awhordleylg@auda.org.au,Rev,946 763 9387
c2c18332-f33c-4f1e-9b05-58924c02b0ca,Romola,Churchman,rchurchmanlh@theatlantic.com,Mr,384 139 2103
273f6854-8ac8-4650-9edb-9db6f69c74dd,Estelle,Patters,epattersli@clickbank.net,Mrs,475 606 9688
9701966e-7289-4105-a67b-6dfb7e1b8aae,Ernest,Leatt,eleattlj@elegantthemes.com,Mr,101 948 1496
4e930f22-2ea6-4991-93e2-2f1e852d53eb,Maudie,Werendell,mwerendelllk@addtoany.com,Mrs,320 509 9897
01831cce-4fa4-41af-a21a-2eb9bde28d38,Bird,Shirlaw,bshirlawll@cornell.edu,Dr,434 926 0551
c990f600-ffbf-4dfb-a9f1-278ab472c28c,Cort,Vanshin,cvanshinlm@51.la,Dr,373 870 3395
69faeb3b-67be-43a0-96ca-13b4367c8482,Dory,Costain,dcostainln@uol.com.br,Dr,784 860 1450
db22263d-b645-4b44-be18-ccbf6697852d,Yalonda,Pountney,ypountneylo@google.cn,Dr,186 640 4144
9738bab0-3e7c-4b53-9638-e022e02bfefb,Shandra,Jepperson,sjeppersonlp@woothemes.com,Honorable,611 567 0541
3487e55c-b99e-4a2d-94ea-12a14c6083fe,Egon,Macon,emaconlq@usa.gov,Dr,457 452 1795
6bafeb24-14b2-4a83-92fa-5daaf20d0fcb,Caty,Vela,cvelalr@ifeng.com,Dr,553 134 9631
6d9d5484-4c1c-4e8f-892b-7570683d7151,Jarib,Dudney,jdudneyls@umn.edu,Honorable,656 562 4835
ec2387c1-b980-4445-b7f8-79ff0ecb1723,Haskell,Byng,hbynglt@nyu.edu,Honorable,242 171 5827
425b6977-1cbd-4277-a5c5-c084efb6a145,Nicolle,Swait,nswaitlu@xing.com,Dr,908 607 3645
68865287-1f04-407b-b51f-f77f5ab569a3,Berny,Josovitz,bjosovitzlv@wikipedia.org,Mr,713 484 6281
cdac0ad7-c9b1-4f7b-afc5-7ac4a0971b9f,Kienan,Bohlin,kbohlinlw@phpbb.com,Mr,691 327 0389
8535fc2e-53ee-417e-a958-bc6b34d68c05,Gilburt,Gandy,ggandylx@people.com.cn,Rev,311 711 4085
64c0a33f-3e44-4e73-9197-a98c66e62fff,Linnea,Price,lpricely@over-blog.com,Ms,586 189 0438
8bae6d2f-2a2d-4942-92d3-28f8b314b65d,Deirdre,Ellerington,delleringtonlz@virginia.edu,Rev,171 396 9830
8c1a9d83-f01e-4b39-bf81-b97c01cbfc64,Kiley,Payle,kpaylem0@tmall.com,Mr,792 628 1076
7b3736fa-bf32-41f2-be58-f57b3acac397,Etta,Hadingham,ehadinghamm1@constantcontact.com,Mr,326 236 1435
4a15cd16-cee3-47e7-ae9e-2660db3d9eee,Corbie,Haire,chairem2@jiathis.com,Honorable,854 571 6611
9925aa0a-6894-46ad-a9b3-ee45404f2c8b,Larry,Beeswing,lbeeswingm3@technorati.com,Ms,746 118 6999
eb656c7c-a0e4-4d6f-a5ef-c6ccbbab6a73,Noam,Matevushev,nmatevushevm4@amazon.co.uk,Honorable,611 779 0862
662bec4a-6ea5-492c-b577-7624d5bb2a47,Georges,Crews,gcrewsm5@qq.com,Honorable,635 817 1831
757ea3a9-6fd4-41ab-b19e-3585ba64be52,Kala,Caygill,kcaygillm6@privacy.gov.au,Mr,775 576 5453
f05c2da6-eb7b-45ca-8a2a-5631c3b5eaf1,Rosana,Rainbird,rrainbirdm7@paypal.com,Mr,258 436 2372
510fc009-8ef1-4583-9c85-b4cb87d322bb,Britteny,Ditchett,bditchettm8@ning.com,Mrs,112 344 2807
68ed99f3-1761-4af8-85d4-2d19b4412c7c,Shadow,Effemy,seffemym9@elpais.com,Rev,437 402 2981
c3ff77ba-cb25-4d87-98c0-22c9853c2e09,Irv,Fackrell,ifackrellma@vimeo.com,Mrs,811 186 4090
7709e20a-fdf1-448a-843a-a0947097d539,Demott,Egalton,degaltonmb@mysql.com,Honorable,277 748 3058
7dc47280-f44b-47d7-ab14-506ff56fe91c,Barnebas,Gethings,bgethingsmc@dyndns.org,Ms,181 644 1162
7a4b0185-cf5b-43ec-b30d-4d6255d7f581,Zonda,Butt Gow,zbuttgowmd@icio.us,Mr,470 491 0137
f0d84652-238f-4bb9-ac69-2a3b9034fff3,Libbi,Claiton,lclaitonme@etsy.com,Rev,111 866 2578
890d9f86-80de-49a9-8ecd-933992f4d020,Valentia,Slatford,vslatfordmf@fema.gov,Ms,386 434 4122
f190c422-c8ca-49c2-a4b1-51d8ad033816,Shena,Lofthouse,slofthousemg@amazon.co.uk,Honorable,492 963 7255
4e7459a5-a579-4682-86b4-d7fc745741fb,Sawyer,Scrauniage,sscrauniagemh@squidoo.com,Mrs,944 131 4244
f2302240-05da-4d96-8cbb-747441a06aec,Ruthanne,Leighfield,rleighfieldmi@odnoklassniki.ru,Honorable,781 733 6734
f5e41207-1865-4b1c-824a-3194c88d5bfb,Janessa,Drillingcourt,jdrillingcourtmj@amazon.de,Mrs,683 875 1052
a8d79f33-bb8c-4298-a5ca-52709861e22b,Yorgos,McRuvie,ymcruviemk@mtv.com,Ms,463 928 3176
25874fbe-2b39-4eb0-85d9-6e0a41882949,Phillipp,Jikylls,pjikyllsml@blog.com,Mr,113 173 1671
33b3fe89-96f9-43e8-9bbe-b8a945d399eb,Rhianon,Mattis,rmattismm@sina.com.cn,Rev,457 655 8187
b4197f8f-ac9b-45c0-b60d-8adf3a150079,Mollee,Estick,mestickmn@histats.com,Rev,475 690 2426
eeb5e054-9f35-4801-a0fa-6c4d395e31f5,Kiley,Bedwell,kbedwellmo@google.ru,Mrs,877 204 9206
b3abcc12-e2b9-4175-8530-d7e81680126f,Johnath,Strodder,jstroddermp@uiuc.edu,Ms,637 992 6808
c53a125c-71bf-4491-8d71-a609fa7f0dfb,Valma,Penddreth,vpenddrethmq@cbslocal.com,Mrs,511 742 5371
b0aaa0e3-313b-4393-8617-8299de4a8bd4,Lola,O'Cannovane,locannovanemr@uol.com.br,Mr,418 612 9353
4e4a736f-9901-4312-8048-4bbaf676905b,Felicio,Poundford,fpoundfordms@timesonline.co.uk,Rev,718 676 4757
94fc1763-8469-443b-833a-6a90968b2ba8,Ree,Longcake,rlongcakemt@merriam-webster.com,Honorable,105 896 2249
86206ad9-1996-4080-9758-a2934fa657f9,Norton,Lardeux,nlardeuxmu@linkedin.com,Mr,820 130 5367
48b3a912-12c8-47f3-81b7-b32a4f14cd3f,Simonette,Mathivet,smathivetmv@cnn.com,Honorable,939 257 5362
9bc50739-17ed-48c2-89d1-2bf9f5533e34,Othilie,Widdows,owiddowsmw@cocolog-nifty.com,Mr,384 497 7800
d310230e-107a-446b-badb-3a6a34d3bf7a,Linnea,Bursnall,lbursnallmx@theguardian.com,Mrs,827 768 6506
e0229d3c-8518-428e-a5a1-2acca18fea3c,Giff,Edgcumbe,gedgcumbemy@51.la,Rev,226 715 6900
1e109f64-1616-486a-82f3-802bc452983c,Emili,Spykings,espykingsmz@cargocollective.com,Ms,153 906 5460
6386ff16-c7b5-44af-b136-060a796cd0d4,Karlis,Marco,kmarcon0@cpanel.net,Ms,349 403 4426
67a06a99-11b0-4e73-92c3-5ce2b151cfb5,Baxie,Glozman,bglozmann1@booking.com,Rev,137 287 5557
ef6a3d1d-0ad0-4e6b-889a-a54c0919e109,Carmine,Grzesiak,cgrzesiakn2@ifeng.com,Rev,985 943 5896
c9ef1abe-0420-4e93-8946-098b001c4820,Kimmie,Charnock,kcharnockn3@nps.gov,Dr,688 109 1810
bf857239-9c44-4a83-91fc-f333e4d1f8e8,Marnia,Klaas,mklaasn4@sphinn.com,Mrs,880 280 3506
b554d366-7fd7-4243-b6a8-0d888ecca328,Dominique,Kunkler,dkunklern5@nsw.gov.au,Ms,764 522 3800
22379818-6fbc-48c0-ae43-6ebc69beb25f,Jeri,McMonnies,jmcmonniesn6@ucsd.edu,Mrs,686 348 1549
7ad8954c-2efa-4d06-9fea-dbfb51859076,Kiersten,Yeell,kyeelln7@mapy.cz,Dr,184 219 2019
8e881fde-1351-4f94-ac46-f51fbe90687f,Emilio,Muskett,emuskettn8@booking.com,Dr,810 733 5605
d510e1f2-7f69-42ed-aa08-11159f7e0459,Carleen,Balf,cbalfn9@elpais.com,Mrs,713 174 5790
a8e83be7-52da-4dff-82d2-10b87ac10a47,Ewen,Heiner,eheinerna@deviantart.com,Ms,664 261 3170
8d765c2b-4ac0-4b0a-ac69-2e523f920112,Casper,Landsberg,clandsbergnb@usa.gov,Mrs,662 148 0791
022de528-7fa3-48cc-8264-6dbf28381093,Maynord,Capstaff,mcapstaffnc@bing.com,Mr,109 247 9127
fb46643d-1d63-4ae8-a1c0-944bd7c7ea99,Boot,Jane,bjanend@google.fr,Dr,798 895 1993
594b6d65-9cab-4bca-8b56-2c83711d28a9,Nevil,Musselwhite,nmusselwhitene@zimbio.com,Ms,301 593 8004
45f5b5ac-0a48-4d87-b708-e40763ba7167,Nikolas,Driutti,ndriuttinf@biblegateway.com,Dr,679 416 2979
2a69609c-5fcf-4a34-b94c-b2f8e0ced097,Diego,Padefield,dpadefieldng@va.gov,Honorable,594 913 1266
6dbfe8e5-89bb-40f7-ada4-3ad2df838ace,Jessee,Titchmarsh,jtitchmarshnh@cpanel.net,Rev,934 227 5926
7da0ccc9-e113-4308-b85b-9a1ce7ae367e,Martha,Lomb,mlombni@printfriendly.com,Mrs,562 632 3071
3a8dbca1-b046-42ab-80ca-f8ed55433e2f,Juanita,Klaffs,jklaffsnj@taobao.com,Mr,352 820 8246
2935ac2b-f100-4b3d-b4e4-cdfad1b9b9f8,Woodrow,Reolfo,wreolfonk@examiner.com,Mr,613 443 3701
de4e0b03-0205-46ec-81e6-cc4d1ca46032,Dionisio,Barts,dbartsnl@wp.com,Dr,405 885 6514
9f0422c3-735b-409a-9b31-263e005e87b3,Lawry,Robroe,lrobroenm@ftc.gov,Mr,481 615 2565
a642287b-9442-482e-a102-bcf498584a23,Miriam,McKeveney,mmckeveneynn@domainmarket.com,Ms,679 672 9053
05cfe726-d0dd-4564-9736-e393f7705753,Allard,Goadby,agoadbyno@wired.com,Mrs,765 304 7206
d16f9bef-637c-4334-8335-8e44f7173686,Humberto,Stops,hstopsnp@storify.com,Rev,850 901 5365
6cc9079f-9f51-472b-9d39-0365637fd5a8,Janaya,Wyvill,jwyvillnq@reddit.com,Ms,672 408 3132
ef3dc0c8-efa1-456b-84d9-1677339afc64,Russ,Mitie,rmitienr@live.com,Honorable,361 250 2497
f081a4c4-74a1-49ab-ace6-7bb1288a5be4,Waylen,Olesen,wolesenns@ox.ac.uk,Rev,160 774 3056
40449635-c36e-4d08-a11b-2a4ef648bd7d,Katlin,Hentze,khentzent@sciencedirect.com,Mrs,134 216 7025
646e3e05-9fec-44b8-b419-6789c92bde40,Devin,Beszant,dbeszantnu@hexun.com,Ms,471 502 3328
8cdd41fd-c098-45ce-af3a-0ef9a2b1ffc1,Carlin,Cankett,ccankettnv@scientificamerican.com,Honorable,648 787 6581
69e0d154-efaa-4560-80ee-caa4602dea82,Karalee,Rodrigues,krodriguesnw@youku.com,Dr,284 757 0910
f6ec401e-ea52-46cb-bf03-ec6fccdab7d4,Hillie,Armall,harmallnx@yahoo.com,Dr,914 269 9660
e86750e3-b5bb-4655-969e-038b030be887,Carolin,Belf,cbelfny@usgs.gov,Dr,559 116 6806
679d0dc9-8e63-4b8d-8924-dada93a6c48d,Darsey,Cucuzza,dcucuzzanz@hhs.gov,Mrs,660 509 7101
8e1c740d-2c33-4649-bd0c-b0d057869018,Solomon,Sleaford,ssleafordo0@linkedin.com,Rev,840 738 7294
8ad69b47-1f3e-49ce-912d-c324c039e048,Web,Braizier,wbraiziero1@yandex.ru,Ms,711 227 9054
f9d373ae-c88b-47f0-a2fd-95456b4bd1e8,Rozele,MacKean,rmackeano2@hud.gov,Dr,318 629 9742
5cc5ad91-425f-44b3-954c-e0c3fe45a4df,Scot,Haycox,shaycoxo3@netvibes.com,Mr,735 752 4708
ea86440a-31a6-43e5-b0aa-2dfce6f88e72,Evita,Spraggon,espraggono4@bloomberg.com,Dr,774 525 7017
46df906b-dac4-48be-aaa3-e0ea0a215a6b,Aloysia,Goddert.sf,agoddertsfo5@jigsy.com,Honorable,521 938 5765
17907a52-0ca0-4db0-8209-67ebbcf5e507,Barbey,Jarmaine,bjarmaineo6@discovery.com,Mrs,555 477 4473
a053ca75-00df-42df-86ca-75869529100f,Cicely,Bredes,cbredeso7@marriott.com,Rev,367 400 6576
3a7dffa1-430c-413b-a90d-c198ae1dfd58,Cora,Byars,cbyarso8@ezinearticles.com,Mr,901 283 1426
ca97640e-6a9f-482c-9af6-bbc4eda54c1e,Goober,Sorel,gsorelo9@bigcartel.com,Ms,284 368 5417
806e3d04-5a99-429d-8e9d-2fba92d6f3e5,Tremayne,Shovlin,tshovlinoa@state.gov,Rev,666 689 3957
dbd26327-bdab-45de-923e-44461136e6b2,Nicki,Heinssen,nheinssenob@bloglines.com,Rev,994 902 5107
e4561fdf-e88f-4519-a291-99a0eb95f021,Allsun,Foort,afoortoc@goo.gl,Mrs,903 197 1397
e2684aea-e6b9-48ca-ba5f-ffe25e6adf5c,Dacie,Howton,dhowtonod@europa.eu,Honorable,402 870 5587
897790b9-67d4-4aba-8359-a348f9f0da07,Mile,Basini-Gazzi,mbasinigazzioe@tumblr.com,Honorable,861 464 0972
6323580b-a52b-4cdf-9d4d-90cb1d25a1e7,Noellyn,Taffley,ntaffleyof@archive.org,Mr,271 620 6181
ef4c0295-84f5-43e2-b60a-1961d90d4646,Son,Aharoni,saharoniog@engadget.com,Mr,532 464 9183
ed6f38d8-efee-4f80-9bf1-968faaebf978,Dot,Ives,divesoh@ftc.gov,Mrs,131 816 2134
165dfd7b-b868-4872-9eb7-ea1d0da1a031,Inesita,Bellard,ibellardoi@businesswire.com,Mr,118 376 5250
4c83cbfa-3428-4792-844f-2c5eb0b87762,Vivie,Sandle,vsandleoj@hibu.com,Mr,792 314 2482
b88a9cf5-d197-4556-8bfb-4946f64842fa,Kinsley,Warratt,kwarrattok@csmonitor.com,Dr,895 647 8478
65f6b1cc-9c47-40d9-a259-d9b93964f9e6,Jabez,Ridulfo,jridulfool@ocn.ne.jp,Ms,610 997 4407
44a1df2c-948c-4eb7-b44e-e8f3ca3e0ee9,Austin,Coche,acocheom@merriam-webster.com,Mr,262 491 6098
609f95f9-f18c-4057-aa75-5a676d2d7f8e,Pablo,Ashbee,pashbeeon@java.com,Honorable,507 155 4929
51b354de-56de-4289-a864-9f81ac92f085,Gaspard,Lichfield,glichfieldoo@friendfeed.com,Rev,521 205 4408
386500a9-22e2-4a61-bbb7-d90b787b0c5e,Jefferson,Gladdolph,jgladdolphop@nasa.gov,Rev,257 749 9806
ac80f63f-99ea-447f-9549-fb5e57e3de1f,Hobard,Carreyette,hcarreyetteoq@symantec.com,Ms,113 600 5792
e796e5b1-9e33-4021-83bd-ac6c4a912e05,Arabella,Futty,afuttyor@pagesperso-orange.fr,Rev,132 703 9017
8b683573-3052-4f16-8f9d-41c25e5a315e,Marchelle,Antrim,mantrimos@newyorker.com,Rev,346 531 0977
0aa2d920-f5e5-4702-9d08-bae57a22ba06,Tommi,Tawse,ttawseot@cargocollective.com,Mrs,626 551 1630
f0b67533-91f7-44a2-b4d4-e6ff0f9c638a,Shem,Swigger,sswiggerou@artisteer.com,Mrs,519 221 5032
d91f7c6f-4d5a-4a01-b4b0-a65f0de39fe0,Jule,Till,jtillov@youtu.be,Mrs,503 349 2362
268ff2af-f3c2-48ed-b03d-dd6d0c306b11,August,Barradell,abarradellow@hibu.com,Honorable,537 118 4315
2a6549f6-ff6a-486c-9e43-edaf17dab2b3,Marcela,Saggs,msaggsox@deviantart.com,Rev,698 602 7189
ea9e3301-130f-4808-af31-50f71a867b1d,Cherey,Crippell,ccrippelloy@latimes.com,Rev,326 992 3701
0021b261-afe7-457f-890e-1ec54d414ffe,Leonie,Jaher,ljaheroz@typepad.com,Honorable,525 191 7526
1f7440ae-0cac-44f4-8196-90d406fcc5d3,Kellen,Hosier,khosierp0@altervista.org,Mr,488 209 4418
7a168d13-1c47-48a4-b69d-5fa9f05a555d,Jarred,Davio,jdaviop1@list-manage.com,Dr,782 954 9412
379d5d7e-5a0c-41db-8ff3-195b879abd25,Hewet,Bradburn,hbradburnp2@umich.edu,Rev,833 640 2279
15cbb9c5-d65c-4cb3-973b-7d7601e0bc69,Olivier,Vedeneev,ovedeneevp3@uiuc.edu,Mrs,495 738 5489
91e09e04-f144-40c7-8f09-51f2aac9e2f3,Jacobo,Summerlee,jsummerleep4@networksolutions.com,Rev,871 528 5481
20f97798-bb68-44b3-b07e-7565d0484a74,Briny,Passmore,bpassmorep5@ycombinator.com,Mr,443 934 7060
38c8f57f-4d56-4d70-af0c-253f9624bf3e,Erv,McCaughen,emccaughenp6@yahoo.co.jp,Dr,529 493 8285
0a3c4dc3-567c-48b6-8ca5-c6b6a06fafb0,Almira,Gilchriest,agilchriestp7@blogs.com,Mr,318 130 6523
c982e372-eb51-47fe-aa8d-7dfbb6e8ea3b,Buiron,Standbrook,bstandbrookp8@census.gov,Mrs,295 479 5093
4e54be2e-d268-4f54-be12-189647e63aa6,Bartel,Heinz,bheinzp9@theglobeandmail.com,Ms,268 163 8034
b6171832-4d10-4f1e-9a45-48e9bb431265,Thornton,Carwardine,tcarwardinepa@newyorker.com,Ms,544 844 2800
8358b946-3e46-42ec-b2f9-5fd1041feb55,Normand,Tindle,ntindlepb@canalblog.com,Mrs,838 510 5485
b86d4ef1-d869-4281-8a9b-583cf457c605,Richart,Golton,rgoltonpc@quantcast.com,Mr,463 777 7930
ef2fcd8b-0209-4740-9ced-2a08adf5d7e5,Zabrina,Wickliffe,zwickliffepd@ask.com,Rev,559 228 1710
d78368ad-5281-4d94-8734-3a44eb39fac9,Cristobal,Champney,cchampneype@vk.com,Mr,450 295 6428
ef5b9ac1-b153-4814-beba-cf3bd78df63f,Frank,Diprose,fdiprosepf@theglobeandmail.com,Rev,807 177 2138
c8dd611c-2264-43eb-b9a2-ee7a6c5cf170,Darryl,De Meyer,ddemeyerpg@stanford.edu,Dr,730 756 2276
93d61855-73b6-4fb5-8d38-ae2f2ab3fc8a,Nettie,Chorlton,nchorltonph@cbslocal.com,Honorable,383 762 0091
156bb3d6-7a45-4e05-b074-09e8aede7387,Carolynn,Twinborne,ctwinbornepi@google.co.jp,Honorable,824 301 2797
a3aaa4fd-75f1-47ed-b145-4fc7e451be5d,Blanch,Middas,bmiddaspj@skype.com,Honorable,428 899 2581
bb571785-2df0-4b35-8141-a5e6280f9b1b,Bertrand,McCoveney,bmccoveneypk@newsvine.com,Dr,352 179 0754
dd89c5a4-00b3-483d-953d-907839f5312f,Randi,McTrustam,rmctrustampl@csmonitor.com,Rev,189 462 4488
dd391fff-c910-433f-a14e-69e3b503c412,Kerrin,Scoon,kscoonpm@digg.com,Ms,116 573 6540
37fd5877-fedb-4e06-8c2a-af6007b4994e,Nelia,Kiddey,nkiddeypn@hugedomains.com,Ms,216 552 9459
ee673179-df3d-4e5b-b293-21ac5fb71a38,Nye,Izzatt,nizzattpo@home.pl,Rev,219 661 8751
fe04414a-63e6-4e0d-ab36-cfdef29c6554,Yoshi,Pockey,ypockeypp@businessweek.com,Mrs,310 957 9949
087827b5-cacb-4b22-85e3-8dba524fd2b4,Yoko,Mattson,ymattsonpq@bandcamp.com,Rev,774 863 2895
3fda8784-7ee1-4d13-b1e7-a293f2d20b2c,Lyssa,Ackrill,lackrillpr@pbs.org,Mr,675 145 8645
b0c2ad9e-0e5a-44fe-8679-c78d3ee319b6,Mario,Hanburry,mhanburryps@sourceforge.net,Mrs,852 947 1519
ed0a43ef-f4fd-4dac-8b9c-4ba59758741b,Kendell,Armytage,karmytagept@e-recht24.de,Honorable,746 447 5169
d89f1e27-a3ed-42e3-8800-23ed810169da,Freeland,Gosz,fgoszpu@google.es,Rev,991 764 2009
52e43b4d-e41c-4c27-ab6c-29d5c20613bd,Clarey,Oldfield-Cherry,coldfieldcherrypv@exblog.jp,Rev,282 349 1447
dde387d3-93a7-49fd-b5e8-4dd8eb487f11,Michaelina,Geyton,mgeytonpw@usa.gov,Ms,459 284 2509
bbf24a7b-6d0a-45d2-8308-97dd27e0a7bd,Gaston,Henstridge,ghenstridgepx@cbc.ca,Rev,609 789 9644
abab79d8-af58-4f51-8028-65a270daeb92,Caritta,Sinderland,csinderlandpy@bing.com,Mr,287 554 1321
0816e2be-4f90-45d7-b094-89bc0bec8040,Toma,Corkan,tcorkanpz@php.net,Ms,637 284 0022
b67c7e4a-1fc3-41fe-b7a7-78f529abac04,Cass,Sines,csinesq0@home.pl,Rev,513 994 6513
5b434567-5c77-444d-a4c0-017ccde37fb9,Fayth,Chandlar,fchandlarq1@twitpic.com,Dr,988 978 0361
df1b2be7-d847-4e52-8f71-eb662f2547e5,Nichole,Nafzger,nnafzgerq2@thetimes.co.uk,Rev,683 163 6322
b3207eae-2e64-45c7-9f7a-26d0654b3238,Philipa,Miles,pmilesq3@ocn.ne.jp,Honorable,394 803 1401
92b28f0e-621f-42e1-a862-2e4e5d206139,Bambi,Solman,bsolmanq4@liveinternet.ru,Honorable,311 260 2737
c55c8d8b-17b7-4370-b659-f63c531b5796,Linnet,Georgiades,lgeorgiadesq5@uol.com.br,Mr,532 345 8502
e9b3158f-12ad-4692-9a7b-6f02124efa3b,Jerrome,Janko,jjankoq6@facebook.com,Rev,508 539 8371
3d96221f-3ec8-4769-8068-0b30c6401299,Wolfgang,Dowall,wdowallq7@google.de,Rev,724 272 9008
74cdb946-d50d-40f3-9e5c-dd6e3612b85c,Vi,Stockow,vstockowq8@themeforest.net,Dr,583 163 7869
1e1ab66a-1d69-409f-92f7-8acb27230474,Georgina,Kyngdon,gkyngdonq9@livejournal.com,Mrs,847 947 4732
8c22b09d-dc24-4c0d-a7f2-06b30779d743,David,Birdsall,dbirdsallqa@si.edu,Rev,895 669 6057
35196a83-bb1e-4030-89a3-25bbc3d15d11,Johanna,Reese,jreeseqb@discovery.com,Mrs,644 246 3089
2ebdd86e-dd3a-4451-8979-a8d75c3ccac7,Witty,Daber,wdaberqc@sciencedirect.com,Ms,972 415 8234
762f9f28-9cbf-4c6d-8fab-10fad0e9341a,Fielding,Petrashkov,fpetrashkovqd@examiner.com,Rev,336 214 9384
db83e199-0a19-4a42-86ee-b32b9cceb814,Annette,Lage,alageqe@bigcartel.com,Mr,131 412 4167
bc25f8c1-61a4-4ede-9ce4-929d69027c0d,Cleo,Rubinovitsch,crubinovitschqf@csmonitor.com,Mr,872 414 7521
f93e48ae-510d-4bf5-9a3f-417d5d3e0963,Onofredo,Peatheyjohns,opeatheyjohnsqg@uol.com.br,Rev,547 524 2209
9eb5b2c2-b2b9-485d-9e81-d89aee0bede8,Isidora,Bindley,ibindleyqh@360.cn,Mr,417 249 3002
9b7dd4ca-d7fc-4fd3-bd5b-2215e20281e5,Baxie,Maleney,bmaleneyqi@google.nl,Rev,100 944 1530
e7d927bc-685e-4a11-b8a2-7eaec6b7f1e1,Wilek,Ruecastle,wruecastleqj@creativecommons.org,Rev,388 725 4221
0a386b79-b708-4d02-9789-27c1bf3cd8ae,Nichol,Buntine,nbuntineqk@ox.ac.uk,Ms,524 785 8294
2fa3e83e-f07b-4062-88b9-6130003175e4,Cori,Firmage,cfirmageql@chron.com,Mr,447 351 8756
dc3174f8-b21b-46f9-bab3-101d60a021dc,Ariel,McNeillie,amcneillieqm@angelfire.com,Dr,467 305 8273
79e8c5cb-06d4-4e62-8e03-903549a3d146,Kendall,Trimming,ktrimmingqn@cpanel.net,Honorable,942 891 1975
9ae51807-f7dc-4424-9135-78f541205e7b,Stefan,Hordle,shordleqo@shinystat.com,Mrs,858 303 8758
b3673184-2fa8-4f94-84cd-c20d51df94ce,Kelley,Challin,kchallinqp@gov.uk,Mr,345 633 8689
7d1ad4d5-5003-488a-a323-ed355e602daf,Aloysia,Scolli,ascolliqq@house.gov,Ms,246 208 9843
603ba7e3-fb5f-4e1f-aa96-a36976d6ff9f,Adrianna,Scammonden,ascammondenqr@histats.com,Dr,507 782 1459
ad11ad86-c44a-470c-b1d3-dd96648f7e21,Gabi,Casaroli,gcasaroliqs@free.fr,Honorable,121 275 9847
41592094-2215-4031-863d-ae1d86dcbef1,Min,Sievewright,msievewrightqt@pagesperso-orange.fr,Mrs,247 140 8413
597b0a58-2503-4591-80d2-0e249c365461,Arabela,Clamp,aclampqu@shareasale.com,Mrs,418 840 5397
8e05aa18-7cf7-4292-973f-4931706e7a8d,Bank,Cummings,bcummingsqv@utexas.edu,Dr,322 677 1198
f3d00115-8596-4769-b61f-69cfa0cfe5e9,Chrotoem,Whitbread,cwhitbreadqw@chronoengine.com,Rev,202 511 7367
e5aaa208-1c86-4cd5-9aad-d6ae8fdb59ec,Berte,Angelini,bangeliniqx@omniture.com,Mrs,482 680 2894
bb185431-4e02-482d-960a-a388d78def76,Micki,Pittford,mpittfordqy@themeforest.net,Ms,916 938 2854
6a1f5b69-6197-4bd7-b659-a7c43a8bd387,Thadeus,Radage,tradageqz@imdb.com,Dr,844 346 1984
dca877c6-9e99-412b-8eed-20f67e9b1f6e,Margie,Fackney,mfackneyr0@furl.net,Mrs,245 234 3738
539a804d-dec8-4adc-93c5-2d39b56b0b22,Teodoro,Bradberry,tbradberryr1@pagesperso-orange.fr,Honorable,636 409 3172
54b4f6ba-f9f6-4ad5-94cb-3f968de6b2a5,Tremaine,Marc,tmarcr2@homestead.com,Mr,745 190 6613
bda584fd-2a66-4312-b4d9-82e4cb000af1,Rosmunda,Nottingam,rnottingamr3@blogspot.com,Honorable,326 613 3815
a8bd62fd-659c-4a25-8256-f7d29ea38730,Malory,Matterface,mmatterfacer4@goodreads.com,Rev,577 843 3926
a8e3b76f-ee9f-439c-a1d9-8da452593449,Dalila,Leamy,dleamyr5@google.it,Honorable,133 699 1648
9563b5d6-e70a-4f49-8b69-3049d5e4937c,Joscelin,Harewood,jharewoodr6@unesco.org,Dr,380 474 9912
beadbd6d-b31c-45a5-adf8-18f3157a4b5b,Baillie,Lorking,blorkingr7@cloudflare.com,Mrs,936 386 8524
606641c7-9bdf-4975-bb17-66950664ea08,Bren,Staddom,bstaddomr8@hexun.com,Dr,907 616 7048
6f6a8c2e-99c8-4c60-9d10-d5c8cf4d27aa,Pauli,Deporte,pdeporter9@oracle.com,Dr,150 341 4510
7d0216d1-d748-4b78-87af-137605d797f0,Granger,Annatt,gannattra@infoseek.co.jp,Rev,197 834 4790
33beb1bb-5b61-495f-bae5-1e7780a96e3b,Jordain,Warnes,jwarnesrb@drupal.org,Mr,592 427 8319
3ea5bf6d-80b1-4d9e-9eec-79f0ddaca74d,Clare,Camier,ccamierrc@cam.ac.uk,Ms,264 891 5843
cb8e48c7-fd6f-4c99-b255-47f1ce89f0d9,Pascal,McReath,pmcreathrd@google.com.br,Honorable,832 776 0188
62c19c53-f5cd-4c40-8d35-152e900e5e02,Laure,Piggott,lpiggottre@1und1.de,Honorable,415 502 2901
fee4418c-996f-46c8-a593-3709b0cde97e,Lacy,Aysh,layshrf@mtv.com,Mrs,447 246 6396
c4223ce0-7ec9-41b9-8375-2ccfc09f68c7,Cammy,Holyland,cholylandrg@smh.com.au,Honorable,431 730 7733
a3ac65fc-bd0c-41e4-9d51-470ea5193b8b,Mela,Merry,mmerryrh@ovh.net,Dr,162 886 9496
39aeb88d-8d97-4a96-af8f-572ca4981bf7,Keefe,Govenlock,kgovenlockri@statcounter.com,Mr,362 179 3388
c4cfb340-dd29-468e-b3f3-30ea14f14cbc,Stanly,Tillerton,stillertonrj@dailymail.co.uk,Dr,731 769 7778
efc1b0b7-e23b-460c-886d-cd763f3c064b,Karrie,Leveret,kleveretrk@hubpages.com,Rev,188 385 3755
efca6100-eda2-4a11-8c8c-080bb0519918,Gabriell,Pennycuick,gpennycuickrl@opera.com,Honorable,528 530 9692
5eede159-659e-4906-a820-c33edbac25d2,Dom,Marishenko,dmarishenkorm@indiegogo.com,Mr,281 337 2889
37a9c7f1-0a4d-445c-96fb-e7c36bd0bcc0,Nelie,Geram,ngeramrn@goo.gl,Ms,314 317 8471
bf4dbdfc-d128-40db-a512-0f781416650a,Jareb,Luther,jlutherro@fc2.com,Ms,523 122 6737
ad83c1ee-dc4f-4808-b77f-5508388474df,Nita,Brewse,nbrewserp@ask.com,Honorable,693 701 9334
64609eda-b4ac-4cbd-b296-42a87436eb51,Trudi,Fairpo,tfairporq@nydailynews.com,Dr,261 325 4449
c7afce2e-d92e-47e3-af2d-4cb3f6a5248f,Ivan,Feren,iferensrr@tumblr.com,Mr,568 474 2574
